Lead_ID,Lead_Source,Industry,Total_Visits,Time_Spent_Website,Page_Views,Email_Opens,Email_Clicks,Previous_Interactions,Lead_Quality_Score,Age,Annual_Income,Sales_Calls,Days_Since_Last_Activity,Estimated_Lead_Value
10001,Website,IT,4.0,1408.0,4.93,11.0,6,12,20.66,43,65285.0,13,93,76395.09
10002,Referral,Manufacturing,3.0,514.0,6.95,15.0,9,15,78.89,41,91555.0,2,69,103479.7
10003,LinkedIn,Finance,13.0,791.0,13.09,13.0,2,0,32.17,33,142713.0,2,117,72876.96
10004,Referral,Healthcare,23.0,73.0,8.57,15.0,4,5,92.98,57,57471.0,3,9,104055.36
10005,Referral,Finance,9.0,600.0,1.13,7.0,6,12,91.42,46,73671.0,8,126,104722.27
10006,Facebook,Finance,21.0,612.0,10.94,9.0,2,10,72.31,60,143216.0,10,77,109930.82
10007,LinkedIn,Manufacturing,6.0,1145.0,18.51,16.0,9,9,73.78,27,45270.0,12,10,112483.33
10008,LinkedIn,Retail,26.0,1318.0,16.43,17.0,1,15,20.43,59,113151.0,7,102,86462.65
10009,LinkedIn,Education,30.0,924.0,16.68,19.0,5,10,98.79,42,144870.0,0,58,138920.23
10010,Referral,Education,28.0,249.0,16.11,15.0,7,9,90.23,59,38698.0,12,113,121986.54
10011,Website,Healthcare,12.0,954.0,7.15,16.0,3,7,91.61,43,139454.0,11,180,113924.9
10012,LinkedIn,Healthcare,2.0,1495.0,15.54,15.0,8,6,72.74,50,128882.0,10,162,108897.24
10013,Email,Education,3.0,430.0,3.72,18.0,7,3,47.58,38,97265.0,0,106,55792.98
10014,Referral,Retail,3.0,1453.0,13.5,7.0,6,0,91.49,38,64729.0,6,35,116012.34
10015,Facebook,Education,28.0,756.0,13.19,5.0,6,0,43.32,30,36171.0,2,103,67333.86
10016,Website,Retail,12.0,1020.0,1.49,5.0,2,3,65.02,59,104483.0,13,103,97123.72
10017,Email,Healthcare,15.0,928.0,15.97,20.0,5,4,27.98,50,85684.0,10,161,62155.3
10018,Email,IT,9.0,887.0,18.16,8.0,4,11,93.76,46,80165.0,6,160,118286.52
10019,Facebook,Manufacturing,23.0,833.0,6.08,3.0,0,6,31.26,27,74948.0,8,97,84112.79
10020,Website,Healthcare,8.0,791.0,16.44,11.0,10,13,37.99,27,59725.0,2,136,68500.78
10021,Referral,Healthcare,11.0,967.0,2.57,11.0,2,3,64.65,25,44450.0,2,174,80410.18
10022,Google,Finance,16.0,873.0,12.4,16.0,0,9,81.13,21,38300.0,1,142,89689.9
10023,Website,Finance,26.0,1498.0,10.23,14.0,3,13,69.55,38,109600.0,9,136,127616.96
10024,Facebook,Finance,27.0,1322.0,11.37,8.0,9,11,38.57,33,29441.0,0,106,91528.65
10025,Email,Manufacturing,25.0,296.0,18.6,6.0,2,0,20.08,45,136315.0,8,71,59328.85
10026,Referral,Finance,22.0,83.0,17.55,9.0,10,10,80.57,60,44332.0,5,77,101635.31
10027,Website,Retail,4.0,557.0,15.92,15.0,3,9,98.82,28,45115.0,5,54,105220.82
10028,Google,Education,28.0,645.0,6.2,11.0,8,6,84.79,30,124405.0,7,21,131581.42
10029,Google,IT,1.0,1112.0,18.32,6.0,2,1,56.82,52,112404.0,10,111,85227.76
10030,LinkedIn,Healthcare,24.0,1093.0,2.85,17.0,5,15,92.3,37,66997.0,4,75,129450.32
10031,LinkedIn,Retail,7.0,1290.0,17.21,14.0,5,12,52.79,58,111151.0,8,14,107887.11
10032,Facebook,IT,2.0,984.0,7.24,5.0,6,10,61.99,35,38615.0,14,2,110095.15
10033,Website,Retail,24.0,415.0,2.02,11.0,8,1,58.17,35,39732.0,10,108,87686.69
10034,Website,Retail,28.0,763.0,13.72,10.0,6,7,55.81,60,50367.0,4,145,90423.35
10035,Email,Healthcare,5.0,745.0,5.39,19.0,0,11,82.02,40,135670.0,1,78,112566.41
10036,Email,Education,7.0,679.0,5.63,2.0,7,9,62.14,35,67738.0,5,48,86669.29
10037,Email,Finance,4.0,329.0,6.81,1.0,4,9,45.34,55,136296.0,14,91,87829.44
10038,LinkedIn,Manufacturing,5.0,424.0,2.21,5.0,8,9,40.65,26,25981.0,8,136,63521.34
10039,Website,Education,24.0,1260.0,4.37,4.0,9,4,23.02,50,87881.0,2,17,85026.89
10040,Website,Manufacturing,1.0,1389.0,1.1,17.0,4,9,66.66,28,83609.0,9,12,111507.35
10041,Google,Healthcare,1.0,622.0,9.46,15.0,4,1,60.515,51,112090.0,15,166,63440.02
10042,LinkedIn,Healthcare,15.0,543.0,2.6,7.0,1,4,31.85,52,115855.0,3,146,53283.87
10043,Referral,Healthcare,20.0,1231.0,13.97,19.0,10,7,72.31,35,106666.0,9,26,128994.16
10044,LinkedIn,IT,16.0,425.0,5.48,10.0,2,5,74.5,38,109351.0,10,37,103092.33
10045,Referral,Manufacturing,29.0,400.0,18.93,9.0,9,2,80.17,33,33566.0,7,70,102633.7
10046,Google,Education,10.0,887.0,17.55,11.0,8,7,60.29,44,116865.0,5,169,94664.52
10047,Facebook,Education,28.0,820.0,6.5,20.0,6,14,91.52,60,96885.0,12,79,137009.22
10048,Website,Retail,18.0,687.0,15.88,5.0,0,13,94.91,34,143585.0,6,170,119770.5
10049,Google,Retail,28.0,1371.0,16.26,19.0,2,8,84.59,48,35728.0,6,90,126723.68
10050,Website,Retail,3.0,765.0,19.74,4.0,1,4,70.85,31,130852.0,3,41,89354.95
10051,Email,Healthcare,11.0,1422.0,12.36,8.0,0,12,44.3,26,108911.0,14,175,104437.87
10052,Facebook,Education,15.0,413.0,2.56,15.0,8,1,98.64,45,142616.0,11,142,111507.35
10053,Facebook,Manufacturing,27.0,91.0,13.29,13.0,7,1,41.93,21,112350.0,15,129,90288.23
10055,Facebook,IT,11.0,268.0,13.13,19.0,10,0,55.37,22,146463.0,11,53,85289.68
10056,Referral,Retail,17.0,224.0,6.84,18.0,1,9,24.55,52,82935.0,8,118,61928.5
10057,Facebook,Healthcare,17.0,707.0,17.33,13.0,0,11,98.28,33,112081.0,2,109,118740.48
10058,Website,Healthcare,6.0,1275.0,19.23,6.0,6,1,67.07,53,70588.0,7,159,95669.23
10059,Website,IT,5.0,90.0,5.14,4.0,10,9,64.56,52,43953.0,6,136,68644.18
10060,Website,Finance,8.0,1182.0,2.67,17.0,10,3,72.46,44,93408.0,3,158,91734.44
10061,Website,Education,2.0,1019.0,4.7,1.0,1,0,60.515,47,99904.0,9,77,87467.71
10062,Referral,Manufacturing,16.0,714.0,16.59,10.0,0,3,22.57,24,59103.0,12,80,73916.27
10063,LinkedIn,Finance,20.0,185.0,13.86,7.0,1,12,68.98,44,95949.0,2,45,96618.5
10064,Email,Retail,24.0,1431.0,13.08,0.0,6,11,77.29,43,119805.0,13,18,149782.99
10065,Google,Healthcare,12.0,952.0,8.63,11.0,6,10,53.34,49,74264.0,6,99,88439.99
10066,Website,IT,6.0,897.0,11.98,1.0,9,12,80.58,54,86829.0,9,173,104312.4
10067,Facebook,IT,1.0,932.0,6.85,17.0,5,9,38.16,41,38423.0,8,147,63199.5
10068,Website,Education,4.0,1028.0,10.07,6.0,4,14,37.7,50,63062.0,11,68,89081.98
10069,Facebook,Finance,17.0,1490.0,16.07,16.0,2,4,32.91,46,67805.0,9,83,88586.47
10070,Email,Education,13.0,1004.0,19.64,13.0,2,8,49.76,40,26987.0,2,50,79428.17
10071,Email,Healthcare,18.0,1260.0,18.72,6.0,10,0,60.515,36,87979.0,14,25,138748.96
10072,Email,Education,5.0,417.0,18.74,2.0,8,11,86.23,23,62597.0,9,166,100319.29
10073,Facebook,Manufacturing,30.0,916.0,8.64,5.0,3,4,50.63,57,108905.0,8,121,102478.55
10074,Website,IT,24.0,867.0,9.91,19.0,8,1,67.13,60,52868.0,12,164,95244.18
10075,Email,IT,24.0,1393.0,14.41,1.0,3,8,77.67,45,86829.0,7,68,133111.11
10076,Referral,Retail,27.0,369.0,10.45,16.0,1,5,39.3,43,88805.0,11,56,79255.96
10077,Facebook,Retail,3.0,233.0,3.7,11.0,3,1,33.45,21,144779.0,2,39,55086.22
10078,Facebook,Healthcare,11.0,190.0,6.78,11.0,5,13,97.77,53,105084.0,14,63,121804.77
10079,Website,Manufacturing,13.0,421.0,3.65,16.0,5,2,69.4,35,41636.0,7,128,81741.18
10080,Facebook,Finance,4.0,798.0,12.63,9.0,4,13,98.51,37,82467.0,11,135,121708.72
10081,Facebook,Education,26.0,604.0,10.45,2.0,0,7,47.02,54,122919.0,3,122,85300.19
10082,Email,Healthcare,27.0,563.0,7.2,19.0,2,0,76.24,37,132732.0,5,59,97257.8
10083,Website,Retail,14.0,1123.0,2.35,17.0,4,11,37.81,24,42007.0,11,48,91484.19
10084,Email,Education,22.0,922.0,7.65,12.0,5,2,40.9,33,126460.0,9,133,88376.86
10085,Email,Retail,11.0,434.0,17.39,11.0,0,12,60.95,24,120747.0,1,36,84188.03
10086,Website,Education,27.0,637.0,5.43,16.0,8,9,45.57,27,101864.0,7,88,98997.25
10087,Google,Finance,10.0,857.0,14.21,3.0,2,0,33.41,29,28389.0,12,25,57582.37
10088,Email,Healthcare,19.0,1173.0,12.96,9.0,9,10,41.03,43,143105.0,8,173,98642.84
10089,Referral,Education,18.0,719.0,17.41,10.0,2,10,22.86,53,149535.0,6,19,88424.43
10090,Referral,Manufacturing,6.0,931.0,10.45,5.0,10,7,76.35,53,86829.0,7,135,96924.3
10091,Facebook,IT,27.0,1270.0,19.57,5.0,1,0,59.37,40,93481.0,6,66,97770.93
10092,Referral,Manufacturing,29.0,85.0,12.07,8.0,7,12,27.54,24,99888.0,15,80,87453.65
10093,Facebook,Manufacturing,15.0,395.0,19.91,14.0,2,4,33.74,21,101022.0,10,167,62886.39
10094,Google,IT,21.0,484.0,18.32,1.0,5,3,28.2,54,66400.0,9,125,67703.59
10095,Website,Manufacturing,16.0,133.0,5.21,3.0,1,6,69.01,47,92628.0,3,146,86320.85
10096,Website,Education,10.0,106.0,2.07,4.0,6,13,27.54,41,76857.0,0,103,56797.97
10097,Website,Education,5.0,259.0,5.86,16.0,3,4,80.34,44,89367.0,15,129,95068.28
10098,Referral,Education,26.0,1311.0,11.02,7.0,8,7,21.64,35,61527.0,2,131,71477.31
10099,Google,IT,29.0,1317.0,4.26,7.0,9,11,39.95,55,95648.0,6,127,97930.41
10100,Referral,Manufacturing,5.0,360.0,4.18,11.0,8,13,91.25,45,41937.0,10,21,117130.01
10101,Referral,IT,10.0,1235.0,9.79,20.0,6,10,77.48,29,62672.0,10,126,102686.09
10102,Google,Education,28.0,922.0,1.63,7.0,7,0,25.84,37,136562.0,6,124,69908.03
10103,Google,Manufacturing,5.0,717.0,3.32,18.0,2,4,85.69,41,26112.0,10,158,83541.28
10104,Google,Manufacturing,3.0,56.0,8.9,2.0,10,3,59.44,33,60545.0,12,11,85867.2
10105,Google,Retail,23.0,1329.0,2.2,17.0,4,2,87.74,23,122276.0,2,22,119699.05
10106,Website,Retail,6.0,328.0,8.54,20.0,1,4,68.06,24,114017.0,0,111,74663.66
10107,LinkedIn,Finance,4.0,986.0,10.01,18.0,9,9,74.55,24,73355.0,15,125,107691.7
10108,LinkedIn,Healthcare,18.0,828.0,9.57,18.0,6,14,99.48,48,100561.0,9,57,139688.15
10109,Google,Retail,28.0,1144.0,17.51,14.0,7,2,38.59,27,59082.0,8,89,88593.12
10110,LinkedIn,IT,9.0,509.0,11.07,5.0,8,15,69.92,46,143181.0,11,131,111831.18
10111,LinkedIn,Retail,17.0,602.0,9.89,15.0,10,7,56.83,31,85482.0,5,158,84074.92
10112,Google,Finance,29.0,487.0,8.8,10.0,10,12,23.16,44,104098.0,12,128,80631.08
10113,LinkedIn,Manufacturing,13.0,394.0,16.53,15.0,6,15,21.16,30,36304.0,12,45,72531.23
10114,Referral,Finance,27.0,888.0,18.01,17.0,9,2,29.54,57,147978.0,11,36,100098.8
10115,Facebook,Manufacturing,15.0,380.0,17.21,19.0,9,0,71.93,33,81625.0,6,87,93132.43
10116,Facebook,Manufacturing,30.0,1453.0,13.8,15.0,7,8,65.37,59,97551.0,0,118,114147.17
10117,Google,Healthcare,20.0,282.0,3.61,10.0,8,14,64.27,39,69885.0,0,72,94450.41
10118,Website,Retail,17.0,810.0,6.26,6.0,5,8,22.55,39,149359.0,3,68,72328.09
10119,Google,IT,13.0,832.0,1.88,16.0,9,5,57.54,32,96246.0,6,178,88836.13
10120,Website,IT,16.0,1041.0,10.45,16.0,1,9,93.97,42,37588.0,13,103,124444.57
10121,Facebook,Education,22.0,488.0,13.56,11.0,1,0,51.81,57,140910.0,10,159,80100.09
10122,Google,Manufacturing,4.0,946.0,15.18,12.0,3,7,69.99,50,45967.0,14,29,104233.42
10123,Email,IT,5.0,528.0,6.92,9.0,8,1,82.39,32,112440.0,15,164,101979.22
10124,Referral,Healthcare,5.0,979.0,17.07,6.0,6,8,82.71,49,49256.0,10,105,109534.16
10125,LinkedIn,Manufacturing,9.0,537.0,5.93,13.0,1,13,61.54,41,83348.0,7,73,84408.54
10126,Website,Healthcare,17.0,1357.0,1.03,0.0,7,7,88.64,31,50052.0,9,119,116773.55
10127,Email,IT,13.0,530.0,8.15,16.0,10,2,51.31,57,105972.0,8,85,78820.5
10128,LinkedIn,IT,2.0,832.0,11.84,3.0,6,12,91.1,38,112351.0,0,89,108006.67
10129,LinkedIn,Education,13.0,627.0,10.1,20.0,8,4,39.22,47,83479.0,3,89,72336.36
10130,Google,IT,22.0,195.0,17.38,4.0,7,8,60.515,57,105732.0,3,76,67704.89
10131,LinkedIn,Manufacturing,21.0,791.0,3.0,19.0,2,12,24.25,32,85200.0,2,139,78976.03
10132,Referral,Manufacturing,27.0,491.0,11.52,6.0,0,0,83.65,43,108625.0,6,116,106269.88
10133,Email,Manufacturing,23.0,949.0,10.75,9.0,1,8,53.36,54,140205.0,0,139,91017.78
10134,LinkedIn,Education,19.0,143.0,6.35,16.0,1,15,60.515,58,108140.0,8,154,65326.79
10135,Google,Education,16.0,1486.0,16.62,6.0,3,14,38.54,43,27506.0,12,53,94581.52
10136,Referral,IT,10.0,1021.0,15.3,0.0,5,3,92.11,45,123120.0,7,142,115059.67
10137,Facebook,Finance,2.0,1409.0,14.92,6.0,3,3,86.71,24,45709.0,1,64,98382.21
10138,Email,Finance,13.0,236.0,17.65,10.0,8,14,64.28,50,83535.0,1,138,86296.2
10139,LinkedIn,Education,19.0,1288.0,14.73,8.0,3,3,69.29,50,69840.0,7,31,103056.41
10140,Google,IT,26.0,1495.0,5.4,11.0,5,9,57.95,33,139440.0,10,36,129857.25
10141,Facebook,Finance,17.0,1408.0,14.41,2.0,5,11,51.33,34,137647.0,13,10,127396.31
10142,Facebook,IT,21.0,544.0,6.85,3.0,9,8,93.24,28,85587.0,14,26,132482.27
10143,Website,IT,14.0,1261.0,5.6,3.0,10,13,30.05,44,84321.0,0,20,87532.81
10144,Referral,IT,12.0,738.0,2.39,12.0,9,5,53.48,38,128783.0,12,125,94419.65
10145,LinkedIn,Retail,21.0,1178.0,15.14,18.0,0,10,47.56,55,68202.0,6,44,93871.47
10146,Google,Manufacturing,12.0,167.0,14.51,9.0,7,7,59.85,45,81588.0,8,62,82395.91
10147,Website,IT,11.0,368.0,5.46,4.0,2,11,56.61,37,28090.0,11,79,79083.95
10148,Referral,Retail,7.0,566.0,15.24,6.0,5,13,61.51,52,129801.0,14,9,115573.53
10149,Website,Education,4.0,97.0,18.44,15.0,2,3,31.19,44,84231.0,2,71,35264.6
10150,Email,Finance,19.0,412.0,3.05,0.0,10,15,61.05,27,46552.0,6,90,99410.7
10151,Referral,Manufacturing,1.0,48.0,5.42,11.0,1,2,39.39,33,119671.0,5,24,57941.18
10152,Referral,Finance,28.0,712.0,15.25,1.0,4,13,34.75,47,105227.0,14,140,90381.09
10153,LinkedIn,Manufacturing,24.0,103.0,6.22,6.0,0,0,25.19,25,130297.0,6,60,57778.12
10154,Referral,Finance,29.0,602.0,12.87,10.0,8,9,81.01,56,58741.0,6,84,111897.49
10155,Website,Manufacturing,3.0,968.0,2.54,12.0,10,14,54.2,46,46661.0,9,120,98626.8
10156,Referral,Finance,13.0,1329.0,9.59,1.0,6,14,70.13,51,66025.0,0,78,108020.66
10157,LinkedIn,Finance,15.0,1101.0,15.04,6.0,2,6,78.21,30,31092.0,13,16,122395.07
10158,LinkedIn,Finance,2.0,791.0,14.04,14.0,3,3,74.35,46,60674.0,15,29,97576.13
10159,Email,Finance,11.0,884.0,16.49,10.0,5,13,57.64,42,25570.0,2,160,81261.38
10160,Website,Education,4.0,680.0,17.67,1.0,2,7,60.515,32,37084.0,15,119,87633.26
10161,Facebook,IT,19.0,1023.0,15.69,6.0,6,15,50.08,52,90843.0,9,35,104536.0
10162,Facebook,Healthcare,29.0,724.0,13.76,3.0,5,13,60.515,47,86829.0,0,43,118876.62
10163,Referral,Retail,17.0,569.0,1.6,10.0,8,2,59.58,53,94278.0,4,96,84625.03
10164,Email,Healthcare,3.0,1244.0,11.16,1.0,4,0,87.93,40,132278.0,2,119,102676.26
10165,Google,Healthcare,28.0,1368.0,1.72,15.0,3,4,89.98,59,119328.0,0,53,125913.83
10166,Referral,Manufacturing,18.0,791.0,16.35,6.0,2,13,33.64,60,25765.0,1,20,69254.57
10167,Email,IT,8.0,809.0,7.09,12.0,9,1,30.9,33,132268.0,9,115,75627.34
10168,Website,Manufacturing,22.0,1166.0,11.69,4.0,0,2,70.43,34,49198.0,4,8,96269.54
10169,Website,IT,25.0,199.0,6.31,16.0,2,13,44.1,60,86201.0,10,122,81726.63
10170,Website,IT,24.0,1067.0,15.87,20.0,2,5,21.49,42,98271.0,2,42,70521.22
10171,Website,Finance,26.0,317.0,17.84,11.0,6,2,91.09,38,106738.0,5,77,116097.65
10172,Website,Education,19.0,218.0,8.57,18.0,6,2,38.15,49,72199.0,8,70,67911.34
10173,Email,Finance,5.0,943.0,17.4,6.0,0,11,94.34,36,36377.0,5,111,93850.4
10174,Email,Education,7.0,1208.0,6.07,5.0,2,5,77.39,55,136578.0,1,16,105030.69
10175,LinkedIn,Manufacturing,21.0,723.0,11.16,7.0,7,4,81.01,54,104833.0,15,69,117101.3
10176,Facebook,Education,8.0,917.0,17.32,12.0,8,9,36.12,23,33036.0,1,53,72275.49
10177,Website,Manufacturing,28.0,500.0,7.19,4.0,6,8,38.74,24,65364.0,14,173,78998.66
10178,Google,Healthcare,5.0,1128.0,19.13,1.0,6,0,61.7,25,140227.0,12,179,91324.98
10179,Email,Healthcare,17.0,306.0,3.32,8.0,10,12,33.77,30,114905.0,12,6,102982.12
10180,Google,Education,5.0,969.0,1.35,10.0,7,15,44.43,49,125353.0,15,123,105660.85
10181,Google,Education,4.0,791.0,18.18,5.0,5,2,45.72,52,142971.0,7,33,89107.88
10182,Google,Manufacturing,22.0,1478.0,2.3,6.0,10,2,32.77,51,62443.0,10,15,102048.88
10183,LinkedIn,Finance,19.0,600.0,19.85,6.0,2,15,36.41,22,26663.0,7,14,79186.32
10184,Email,Manufacturing,27.0,886.0,19.08,18.0,0,10,83.08,32,64244.0,5,167,111704.75
10185,Google,Finance,21.0,1030.0,3.6,5.0,6,15,33.38,47,83391.0,9,63,96367.43
10186,Website,Healthcare,2.0,1235.0,11.21,10.0,0,5,22.28,25,102564.0,6,5,64413.56
10187,Referral,IT,11.0,487.0,4.51,10.0,0,7,70.35,57,110359.0,0,121,76683.47
10188,Google,Education,22.0,947.0,9.13,6.0,8,2,98.08,47,40077.0,14,90,130105.57
10189,LinkedIn,Finance,13.0,862.0,2.17,1.0,9,2,46.5,43,82849.0,11,107,90506.48
10190,Email,Manufacturing,15.0,1117.0,5.25,18.0,6,5,29.49,53,86829.0,8,180,78928.44
10191,LinkedIn,Healthcare,12.0,868.0,7.9,3.0,10,7,65.63,24,44631.0,4,16,97993.84
10192,Google,Finance,22.0,1313.0,9.33,5.0,3,5,92.51,41,77652.0,8,99,118801.19
10193,Email,Manufacturing,21.0,222.0,19.57,16.0,5,12,82.72,44,92446.0,15,166,111186.44
10194,Referral,Education,22.0,645.0,16.35,4.0,0,11,69.8,51,58500.0,1,53,90215.85
10195,Google,Education,11.0,435.0,15.01,6.0,6,13,45.2,44,44897.0,13,77,92306.2
10196,LinkedIn,Retail,7.0,972.0,11.2,8.0,5,9,63.35,30,83915.0,15,93,104627.62
10197,Facebook,IT,28.0,750.0,16.96,0.0,3,2,27.3,22,62377.0,7,174,64026.95
10198,Website,Retail,5.0,122.0,7.45,0.0,6,3,74.32,51,101670.0,6,98,81183.95
10199,LinkedIn,Healthcare,17.0,459.0,14.47,18.0,2,0,78.01,45,127760.0,10,98,102143.78
10200,Email,Finance,24.0,683.0,19.88,5.0,0,12,97.2,24,51897.0,13,143,127753.42
10201,Google,Healthcare,20.0,1487.0,6.98,17.0,3,7,40.83,31,72280.0,3,59,101778.65
10202,Website,Manufacturing,9.0,1457.0,13.81,9.0,2,3,21.48,37,126639.0,2,178,58517.02
10203,Google,Education,14.0,463.0,17.04,10.0,0,5,63.65,22,138849.0,3,137,86484.86
10204,Email,Retail,26.0,1165.0,18.4,0.0,1,10,76.54,26,136118.0,3,26,127452.79
10205,Google,Retail,12.0,404.0,14.64,0.0,10,2,83.23,29,82320.0,9,3,107369.84
10206,Facebook,Retail,6.0,1112.0,6.39,12.0,4,10,35.5,25,97592.0,9,100,80596.69
10207,Website,Healthcare,17.0,1096.0,7.2,4.0,7,11,40.94,40,119486.0,7,47,103933.38
10208,Website,Education,19.0,236.0,1.39,19.0,0,10,61.01,49,93289.0,12,5,99164.97
10209,Email,Finance,19.0,809.0,15.46,0.0,3,5,46.45,41,56941.0,12,62,89372.13
10210,Facebook,Manufacturing,26.0,1349.0,1.81,19.0,3,15,88.84,29,124676.0,3,84,142402.03
10211,LinkedIn,Finance,16.0,1171.0,17.43,2.0,4,11,57.9,48,39234.0,13,133,113604.94
10212,Google,Healthcare,12.0,561.0,3.25,17.0,6,10,83.97,28,100172.0,4,138,104003.82
10213,Referral,Manufacturing,12.0,1275.0,4.27,8.0,7,8,66.45,51,28376.0,1,80,90493.34
10214,Google,Retail,20.0,195.0,10.05,13.0,5,8,81.85,40,55783.0,12,63,109949.91
10215,Google,IT,6.0,672.0,15.02,16.0,0,9,46.61,47,66249.0,3,25,70894.75
10216,LinkedIn,Healthcare,23.0,1209.0,3.64,13.0,6,2,86.51,28,68025.0,6,44,130233.24
10217,Google,Healthcare,26.0,1237.0,9.36,3.0,2,2,41.97,41,41447.0,2,153,70441.63
10218,Facebook,Education,4.0,791.0,10.17,4.0,5,3,63.69,48,110865.0,13,158,78471.59
10219,Facebook,Finance,6.0,1147.0,5.03,20.0,7,11,37.12,43,41713.0,13,14,96218.67
10220,Website,Healthcare,11.0,42.0,3.2,16.0,6,6,58.04,26,29858.0,0,86,64447.81
10221,Email,Healthcare,1.0,1002.0,16.89,1.0,9,15,45.45,23,76115.0,15,171,99810.67
10222,Referral,Retail,30.0,834.0,10.55,4.0,5,2,41.34,25,110008.0,12,156,93274.64
10223,Google,Retail,24.0,974.0,1.27,3.0,8,9,97.36,29,84834.0,7,19,150987.34
10224,Google,Manufacturing,23.0,771.0,16.26,3.0,8,7,32.81,27,107060.0,7,102,86804.92
10225,LinkedIn,IT,15.0,1491.0,19.64,5.0,0,10,82.99,24,136923.0,5,170,125357.73
10226,Email,Education,27.0,905.0,12.51,19.0,0,7,98.73,59,29539.0,6,20,122684.05
10227,Facebook,IT,11.0,1203.0,10.57,20.0,0,5,21.59,25,88983.0,14,79,84461.67
10228,Referral,Manufacturing,25.0,689.0,17.69,12.0,7,3,75.92,31,43857.0,9,139,99774.21
10229,Website,Retail,19.0,1061.0,19.1,4.0,9,10,40.23,35,128898.0,10,98,110023.91
10230,Facebook,Finance,18.0,1082.0,15.34,6.0,6,15,23.24,54,127207.0,1,121,85142.47
10231,Email,Retail,17.0,325.0,9.46,19.0,2,11,52.23,33,30364.0,4,152,68944.69
10232,Website,Education,19.0,1015.0,12.25,0.0,1,10,94.82,27,90985.0,11,17,143382.72
10233,LinkedIn,Retail,21.0,955.0,14.32,13.0,3,4,20.94,60,84169.0,6,156,62364.33
10234,LinkedIn,Education,14.0,669.0,4.69,3.0,2,11,67.03,26,111366.0,14,50,119284.66
10235,Google,Education,27.0,369.0,10.45,16.0,6,15,60.11,59,46078.0,8,10,109199.58
10236,Email,Education,18.0,657.0,16.77,20.0,9,1,89.87,50,62574.0,0,149,94526.41
10237,Referral,Manufacturing,28.0,468.0,13.44,13.0,7,12,26.72,42,25869.0,14,58,86533.49
10238,Website,Education,19.0,1197.0,8.81,15.0,5,5,74.52,45,129383.0,2,162,106179.43
10239,Facebook,Education,15.0,971.0,13.6,13.0,2,2,74.41,48,87624.0,5,95,95238.56
10240,Email,Finance,15.0,859.0,3.25,15.0,5,14,73.53,40,65075.0,13,107,117480.44
10241,Email,IT,4.0,548.0,8.63,19.0,1,5,95.39,59,118676.0,6,171,100214.71
10242,LinkedIn,Healthcare,7.0,1005.0,16.07,7.0,6,11,85.85,23,28659.0,5,139,92508.67
10243,Google,IT,13.0,1098.0,5.19,2.0,10,4,23.36,25,61370.0,0,33,69946.54
10244,Google,Education,3.0,984.0,4.53,18.0,9,13,57.69,21,131888.0,3,46,106526.53
10245,Website,Finance,16.0,1292.0,19.07,0.0,6,1,51.84,35,83185.0,5,129,93638.61
10246,LinkedIn,Retail,9.0,981.0,4.99,1.0,3,14,44.81,46,142136.0,7,149,85949.32
10247,Email,Finance,8.0,973.0,5.96,14.0,7,11,56.11,23,104921.0,9,62,99242.75
10248,Referral,Education,20.0,184.0,19.42,9.0,3,12,60.515,60,68751.0,14,87,91761.85
10249,LinkedIn,Finance,13.0,1234.0,14.96,17.0,6,13,60.515,54,87758.0,13,73,110657.79
10250,Website,Finance,17.0,1268.0,14.29,13.0,3,4,98.34,25,147280.0,15,1,145051.69
10251,Website,Education,17.0,117.0,17.21,16.0,4,4,27.09,51,109873.0,3,21,58363.43
10252,LinkedIn,Manufacturing,17.0,1309.0,3.2,12.0,6,13,93.78,33,30131.0,6,22,132394.53
10253,Website,Finance,1.0,1126.0,14.41,0.0,9,8,58.42,21,26358.0,15,4,99984.54
10254,LinkedIn,Healthcare,8.0,960.0,10.57,4.0,2,10,69.9,42,148870.0,10,65,109273.96
10255,Facebook,Healthcare,19.0,208.0,16.75,12.0,9,7,86.41,35,116150.0,2,179,98853.07
10256,LinkedIn,Finance,6.0,241.0,10.65,13.0,4,11,48.84,46,82371.0,7,63,69851.7
10257,LinkedIn,Manufacturing,3.0,1287.0,12.78,2.0,10,11,54.43,38,107307.0,0,143,84162.61
10258,Website,Retail,27.0,494.0,10.08,14.0,2,6,52.76,29,104139.0,3,36,90312.47
10259,Website,Education,5.0,1276.0,10.09,18.0,4,14,49.98,21,41246.0,7,29,103008.91
10260,Google,Healthcare,13.0,660.0,15.59,16.0,2,14,94.04,29,42216.0,9,180,113122.61
10261,Google,Retail,15.0,854.0,12.94,2.0,10,11,86.31,43,66209.0,3,174,114765.86
10262,Facebook,Finance,14.0,1317.0,13.03,15.0,9,12,28.72,22,67987.0,1,69,74925.67
10263,Google,Retail,29.0,1260.0,9.56,13.0,10,14,28.65,34,133024.0,1,157,89249.18
10264,LinkedIn,IT,23.0,636.0,10.45,11.0,6,13,54.23,58,45577.0,3,111,89296.17
10265,Website,Healthcare,16.0,914.0,15.17,11.0,0,2,27.89,60,141526.0,14,175,77121.12
10266,Google,Finance,18.0,395.0,16.69,10.0,8,9,69.53,38,67320.0,12,153,102690.6
10267,Google,Education,22.0,305.0,14.23,16.0,8,3,31.5,36,36301.0,3,144,47727.38
10268,Facebook,Manufacturing,16.0,409.0,18.56,7.0,4,5,61.79,49,100051.0,15,100,110681.8
10269,Email,Finance,22.0,1362.0,16.59,16.0,8,2,20.58,31,117338.0,14,41,94856.49
10270,Facebook,Education,11.0,1321.0,11.68,20.0,9,10,45.33,26,25891.0,1,148,82725.69
10271,LinkedIn,Manufacturing,3.0,974.0,13.76,19.0,5,8,74.18,23,46972.0,6,164,86701.79
10272,Website,Manufacturing,22.0,1117.0,18.6,10.0,4,7,58.72,34,75457.0,14,48,106878.02
10273,Facebook,Finance,10.0,839.0,12.76,1.0,2,5,98.26,22,138389.0,5,130,118696.98
10274,Google,Retail,10.0,1403.0,16.67,9.0,10,3,89.93,52,79435.0,15,157,129090.61
10275,Website,Retail,30.0,954.0,14.09,9.0,10,6,48.73,51,45932.0,10,144,91769.53
10276,Website,Manufacturing,21.0,523.0,11.49,10.0,7,12,23.64,31,29192.0,2,163,53968.26
10277,Google,Retail,16.0,1151.0,5.59,5.0,3,14,87.65,42,41128.0,7,111,123115.75
10278,Facebook,IT,12.0,1124.0,9.09,3.0,9,10,92.9,23,47836.0,7,62,127269.48
10279,Google,Manufacturing,2.0,393.0,19.39,11.0,2,2,85.65,51,86829.0,0,107,77007.05
10280,Email,Manufacturing,9.0,599.0,13.5,10.0,5,9,30.24,53,142028.0,2,106,65803.77
10281,Website,Education,24.0,792.0,11.72,12.0,7,14,99.83,44,141481.0,4,132,144058.79
10282,Referral,Retail,3.0,305.0,18.73,4.0,8,7,40.69,21,47778.0,1,113,53216.18
10283,Referral,Manufacturing,24.0,79.0,12.14,5.0,5,15,77.94,35,68130.0,11,68,102862.04
10284,LinkedIn,IT,30.0,1411.0,11.0,0.0,4,0,92.64,57,41708.0,11,179,122712.19
10285,Google,Education,25.0,757.0,15.43,5.0,10,15,38.85,47,132481.0,4,89,103870.96
10286,Google,Finance,30.0,935.0,14.54,17.0,1,2,92.66,58,49232.0,10,161,115656.69
10287,LinkedIn,Manufacturing,15.0,957.0,4.67,8.0,1,10,44.76,47,82266.0,9,78,87720.06
10288,LinkedIn,IT,3.0,593.0,9.95,14.0,8,15,98.11,32,64412.0,2,152,99178.71
10289,LinkedIn,Healthcare,19.0,812.0,9.98,7.0,1,4,42.5,23,29782.0,14,75,78464.96
10290,Website,IT,18.0,514.0,8.19,18.0,1,4,96.27,50,86196.0,8,25,114084.54
10291,Email,IT,8.0,1137.0,10.83,15.0,2,15,24.28,52,86829.0,10,156,68673.44
10292,Google,Education,26.0,613.0,8.85,5.0,2,9,76.74,43,35052.0,0,7,104752.08
10293,Website,Finance,17.0,1349.0,4.79,5.0,3,13,62.57,22,44521.0,15,113,113933.12
10294,LinkedIn,Healthcare,8.0,265.0,8.83,2.0,6,1,58.23,27,94434.0,15,36,94900.62
10295,Google,Retail,7.0,85.0,2.37,9.0,8,9,37.88,54,107755.0,3,10,69411.58
10296,Website,Retail,30.0,389.0,11.94,0.0,1,7,76.45,52,94690.0,9,113,112211.28
10297,Email,IT,7.0,139.0,17.22,13.0,3,4,35.26,59,60546.0,5,36,55184.61
10298,Website,Education,3.0,221.0,14.78,3.0,8,6,64.23,52,104345.0,14,18,98757.55
10299,Email,Education,1.0,933.0,7.85,11.0,1,14,40.26,34,50972.0,8,134,68849.75
10300,LinkedIn,Retail,4.0,1146.0,2.65,5.0,9,15,96.45,23,129713.0,2,135,121430.71
10301,Email,Healthcare,25.0,891.0,4.84,10.0,10,6,22.29,52,149556.0,15,102,95947.75
10302,Google,Finance,5.0,597.0,11.36,11.0,0,13,35.98,56,103059.0,14,140,84039.89
10303,LinkedIn,Healthcare,1.0,1113.0,4.93,9.0,9,4,39.38,37,89385.0,2,169,63292.06
10304,Google,Manufacturing,15.0,679.0,11.34,17.0,7,7,53.13,23,127617.0,14,25,105498.87
10305,Referral,Manufacturing,5.0,791.0,5.4,6.0,8,8,38.62,30,47030.0,11,33,67937.96
10306,Facebook,Finance,13.0,1102.0,17.13,6.0,6,3,59.31,60,149717.0,4,87,107265.89
10307,Email,Retail,8.0,1473.0,8.55,10.0,7,3,89.8,38,65376.0,6,73,121920.34
10308,Facebook,Finance,8.0,791.0,5.67,3.0,3,15,76.97,23,110641.0,15,6,131528.1
10309,Facebook,Education,5.0,1066.0,16.43,19.0,3,7,66.4,59,137021.0,13,137,96488.99
10310,Email,Manufacturing,28.0,65.0,7.51,0.0,1,0,27.12,30,114831.0,4,67,53762.88
10311,LinkedIn,IT,9.0,130.0,3.12,12.0,7,14,75.52,29,102400.0,15,144,102967.3
10312,Referral,IT,1.0,1139.0,11.84,17.0,10,3,33.31,31,134518.0,10,93,87583.55
10313,Google,Retail,4.0,1276.0,12.05,8.0,1,5,82.91,53,103412.0,7,108,110143.9
10314,Website,Education,3.0,1391.0,14.58,8.0,8,15,40.0,56,43055.0,4,168,84966.11
10315,Google,Healthcare,2.0,195.0,10.45,8.0,3,12,53.36,46,124220.0,6,26,74648.25
10316,Website,Education,8.0,412.0,9.43,9.0,0,3,48.04,47,112508.0,5,38,76001.48
10317,Google,IT,23.0,1429.0,6.36,1.0,3,5,88.71,58,50493.0,13,163,127555.13
10318,Email,IT,9.0,819.0,2.54,5.0,2,4,30.12,42,99861.0,9,142,60140.9
10319,Referral,Manufacturing,2.0,60.0,17.66,14.0,5,15,65.25,46,146184.0,15,175,94710.92
10320,Website,Education,14.0,1428.0,14.85,2.0,6,13,31.36,42,141524.0,12,103,100577.74
10321,LinkedIn,Education,14.0,40.0,6.73,10.0,7,8,76.38,25,141826.0,1,42,97810.38
10322,Google,IT,4.0,1355.0,12.39,5.0,1,15,92.41,55,61775.0,2,179,111592.1
10323,Google,Healthcare,30.0,125.0,4.82,2.0,5,9,54.77,22,76057.0,10,147,95174.83
10324,Website,Retail,6.0,1243.0,17.91,10.0,5,8,59.05,55,110909.0,10,66,101710.69
10325,LinkedIn,Retail,11.0,482.0,3.18,14.0,9,3,94.19,29,61253.0,3,175,92997.89
10326,LinkedIn,Education,3.0,221.0,1.07,12.0,4,12,61.68,38,111717.0,4,42,80786.86
10327,Email,Retail,8.0,515.0,10.54,19.0,9,13,59.01,32,150000.0,8,38,111186.54
10328,Email,IT,3.0,1319.0,12.08,9.0,9,3,66.27,23,76884.0,5,141,85336.96
10329,Email,IT,14.0,1477.0,12.0,5.0,6,11,75.14,38,147402.0,0,106,120788.8
10330,Email,Education,28.0,1181.0,2.04,14.0,2,7,28.55,58,101497.0,2,172,69246.59
10331,Email,Education,13.0,267.0,6.97,17.0,3,9,85.69,27,42705.0,6,152,91209.75
10332,Email,Manufacturing,13.0,1408.0,10.48,17.0,9,14,54.84,53,69676.0,7,96,114964.72
10333,Referral,Education,2.0,1165.0,5.12,6.0,8,3,25.79,26,126658.0,6,158,63281.28
10334,LinkedIn,Healthcare,13.0,1499.0,17.58,14.0,3,1,82.89,38,116640.0,4,70,116445.72
10335,Email,Retail,29.0,1396.0,2.66,17.0,2,12,50.16,42,104045.0,14,38,121316.15
10336,LinkedIn,Education,19.0,1198.0,10.26,17.0,1,12,28.03,59,32101.0,9,97,79021.18
10337,LinkedIn,Finance,27.0,1118.0,14.14,19.0,4,13,70.7,29,87495.0,7,108,113312.85
10338,Facebook,Manufacturing,6.0,1300.0,5.97,8.0,3,14,90.41,55,29743.0,15,119,128920.88
10339,Referral,Finance,16.0,764.0,12.86,1.0,7,1,91.02,43,33951.0,8,151,99990.53
10340,Email,IT,2.0,1020.0,16.76,7.0,6,0,96.61,32,32014.0,6,74,101868.95
10341,Google,Retail,8.0,854.0,4.62,19.0,5,4,89.42,44,61180.0,10,57,112159.02
10342,Website,Education,17.0,1492.0,18.43,1.0,10,15,20.17,60,81977.0,8,110,84311.89
10343,Google,Finance,23.0,135.0,11.52,10.0,1,14,50.42,29,141045.0,0,79,81464.35
10344,Referral,Retail,2.0,210.0,6.69,6.0,2,5,85.48,33,84534.0,13,151,91488.66
10345,Website,IT,10.0,213.0,9.19,5.0,9,8,49.3,60,88209.0,8,36,83329.44
10346,Referral,Healthcare,28.0,255.0,6.93,9.0,8,4,68.12,37,143169.0,2,57,111892.33
10347,LinkedIn,Manufacturing,16.0,806.0,14.78,4.0,8,12,68.51,27,66908.0,5,129,107638.19
10348,Website,Retail,6.0,819.0,16.13,10.0,4,5,49.2,37,133575.0,7,3,91999.18
10349,LinkedIn,Retail,28.0,1142.0,16.83,0.0,2,5,60.515,44,75918.0,2,14,121496.91
10350,Google,Healthcare,2.0,717.0,19.73,1.0,1,2,60.26,22,33219.0,3,34,67127.08
10351,Google,Retail,2.0,559.0,16.03,0.0,7,15,57.18,55,32163.0,15,70,98409.17
10352,Website,IT,26.0,1424.0,12.43,10.0,5,11,99.8,48,27470.0,15,69,150113.2
10353,Website,IT,13.0,1001.0,7.45,1.0,9,3,60.515,39,134034.0,6,179,99210.55
10354,Email,Healthcare,24.0,965.0,11.35,20.0,10,0,34.27,53,41543.0,11,104,81133.33
10355,Referral,Manufacturing,15.0,1452.0,1.78,19.0,6,3,61.05,41,44276.0,6,29,103035.37
10357,Referral,Finance,2.0,1324.0,9.47,3.0,0,14,82.15,29,61881.0,8,94,107608.18
10358,Email,Education,7.0,860.0,1.38,11.0,9,4,83.09,58,103950.0,12,79,124049.36
10359,LinkedIn,Retail,3.0,708.0,2.19,19.0,1,10,76.64,26,32749.0,2,117,85675.23
10360,Website,Finance,8.0,878.0,8.36,17.0,9,10,40.34,55,49182.0,11,144,95483.46
10361,Google,Healthcare,23.0,1085.0,12.09,0.0,2,7,88.97,38,102450.0,7,138,117756.55
10362,Referral,Healthcare,14.0,422.0,9.82,0.0,0,7,91.48,39,105543.0,7,147,110069.48
10363,Referral,Manufacturing,24.0,69.0,12.76,13.0,4,4,35.53,25,121487.0,12,67,78933.86
10364,Google,Finance,30.0,689.0,10.13,3.0,2,13,30.44,45,135227.0,3,164,80182.11
10365,Email,IT,23.0,1271.0,13.57,4.0,0,15,60.515,31,123144.0,15,132,151552.34
10366,Referral,Finance,27.0,1010.0,5.16,10.0,7,15,89.47,30,46383.0,6,75,133488.43
10367,LinkedIn,Retail,22.0,1135.0,3.14,12.0,10,9,91.46,37,103578.0,3,161,122296.24
10368,Website,IT,29.0,874.0,12.33,15.0,5,1,90.91,56,141258.0,12,28,137337.59
10369,Google,Healthcare,7.0,230.0,10.21,12.0,8,11,63.33,46,50412.0,11,121,88272.42
10370,Website,Finance,21.0,476.0,1.51,1.0,2,5,71.71,51,38181.0,0,9,86663.52
10371,Referral,Education,7.0,1481.0,8.23,15.0,8,0,63.63,52,69898.0,0,134,88048.75
10372,Referral,Manufacturing,1.0,1091.0,10.45,5.0,8,6,24.1,41,84630.0,13,123,70542.31
10373,Google,Education,17.0,1264.0,11.1,13.0,0,10,79.64,38,28405.0,0,49,107101.15
10374,LinkedIn,Manufacturing,9.0,473.0,8.52,0.0,2,3,60.43,38,121404.0,1,91,76773.2
10375,Facebook,Retail,30.0,1380.0,12.65,16.0,5,15,71.82,21,35862.0,5,125,122948.44
10376,Google,Education,21.0,790.0,16.31,10.0,7,4,60.21,34,79679.0,11,76,96329.27
10377,Facebook,Finance,13.0,256.0,6.69,18.0,3,5,59.34,28,53688.0,9,150,77975.43
10378,Email,Finance,21.0,77.0,19.28,2.0,4,15,33.74,22,73017.0,10,104,72298.87
10379,Facebook,Education,19.0,1071.0,11.18,10.0,8,10,42.3,35,121481.0,4,176,88899.38
10380,LinkedIn,Finance,21.0,941.0,12.75,4.0,5,0,32.71,54,37939.0,10,149,64711.4
10381,Email,Retail,19.0,1492.0,13.93,16.0,6,8,35.65,56,137271.0,1,33,98714.59
10382,Facebook,IT,25.0,216.0,13.67,6.0,6,9,97.84,21,119467.0,7,157,118601.98
10383,Email,Retail,25.0,374.0,10.71,10.0,3,3,32.25,41,129152.0,8,53,80345.61
10384,Facebook,Manufacturing,22.0,253.0,9.15,10.0,3,7,41.54,21,64585.0,6,40,75279.67
10385,LinkedIn,Retail,17.0,859.0,2.02,2.0,3,4,67.25,52,141315.0,11,18,112642.22
10386,Facebook,Manufacturing,23.0,517.0,1.42,19.0,10,10,68.81,40,129447.0,13,175,106468.3
10387,Facebook,Finance,23.0,906.0,7.8,9.0,4,7,32.32,56,137813.0,15,13,107659.02
10388,Facebook,IT,30.0,878.0,7.34,9.0,4,14,83.5,59,133362.0,14,155,140486.35
10389,Google,Finance,10.0,1282.0,8.37,13.0,7,0,82.82,50,131700.0,15,74,130897.06
10390,Google,Healthcare,10.0,1443.0,3.63,11.0,8,7,38.99,27,47942.0,14,96,93705.77
10391,Google,Finance,4.0,1008.0,15.03,14.0,1,10,43.09,42,135075.0,11,105,90422.2
10392,LinkedIn,Manufacturing,8.0,1046.0,17.28,9.0,10,12,95.04,30,30272.0,8,173,114208.38
10393,Email,Finance,22.0,217.0,18.84,9.0,6,10,86.05,28,69134.0,3,131,97905.47
10394,Referral,Finance,20.0,299.0,10.35,18.0,0,3,75.82,47,49265.0,12,150,86791.59
10395,Facebook,IT,20.0,339.0,14.32,0.0,0,1,26.58,30,148671.0,6,155,60596.65
10396,Facebook,Finance,18.0,1185.0,17.26,9.0,3,10,53.46,34,73192.0,4,67,96138.56
10397,LinkedIn,IT,14.0,1125.0,8.95,1.0,9,5,64.74,31,53668.0,15,33,114824.77
10398,Facebook,Education,18.0,874.0,6.88,16.0,6,15,34.99,26,136732.0,4,2,100963.84
10399,Google,Healthcare,28.0,1240.0,18.8,6.0,1,1,55.86,41,106560.0,2,75,95923.24
10400,Referral,IT,14.0,515.0,10.8,6.0,10,4,68.08,53,122435.0,15,174,107762.72
10401,Website,Manufacturing,20.0,1244.0,10.45,10.0,1,1,46.19,39,94283.0,8,74,86352.65
10402,Facebook,Education,21.0,1475.0,4.39,8.0,0,2,82.48,59,34297.0,12,161,111220.48
10403,Google,IT,24.0,149.0,3.05,1.0,9,10,87.24,44,89005.0,9,135,116264.62
10404,Website,IT,15.0,249.0,17.0,13.0,1,5,45.89,38,83434.0,4,143,53736.82
10405,Referral,Healthcare,22.0,82.0,12.67,16.0,6,0,87.09,55,89749.0,5,26,103026.1
10406,Website,Manufacturing,30.0,1465.0,7.19,0.0,8,15,28.29,57,86829.0,2,139,94884.95
10407,Google,Retail,4.0,1290.0,4.64,8.0,5,5,87.02,39,84183.0,9,128,110818.75
10408,Email,Retail,13.0,787.0,11.55,19.0,9,2,32.22,44,111994.0,6,166,62946.59
10409,Email,IT,27.0,767.0,12.09,20.0,1,6,26.63,54,81305.0,8,27,81795.25
10410,Website,Finance,23.0,749.0,4.93,18.0,9,1,71.34,42,52973.0,8,135,98534.45
10411,LinkedIn,Manufacturing,8.0,435.0,17.18,3.0,9,13,57.75,24,48117.0,13,129,98760.05
10412,Website,Education,18.0,637.0,2.6,7.0,8,5,92.63,30,106986.0,14,21,135634.83
10413,Facebook,Finance,12.0,1050.0,7.77,12.0,6,7,49.06,22,106071.0,12,79,95704.56
10414,Facebook,Finance,23.0,451.0,13.93,3.0,10,14,42.97,28,147688.0,9,158,93980.19
10415,Email,Manufacturing,14.0,741.0,6.21,8.0,0,14,60.06,53,119891.0,13,94,111216.11
10416,LinkedIn,IT,2.0,276.0,16.73,8.0,8,14,56.48,58,32645.0,9,8,89087.5
10417,Google,IT,18.0,101.0,10.45,17.0,1,15,47.55,48,67238.0,4,83,75169.57
10418,Facebook,IT,24.0,214.0,15.99,11.0,3,0,75.5,30,94694.0,6,3,99101.03
10419,Email,IT,2.0,35.0,3.26,9.0,8,10,80.76,21,66773.0,12,55,101663.47
10420,Referral,Retail,11.0,1259.0,3.67,10.0,3,10,88.24,54,41786.0,11,143,118732.01
10421,Email,IT,9.0,935.0,6.44,6.0,2,12,97.83,23,65693.0,11,36,122589.51
10422,Facebook,Retail,12.0,416.0,10.84,8.0,0,15,41.33,29,121447.0,12,6,99687.78
10423,Facebook,Retail,17.0,728.0,15.21,5.0,6,8,77.29,25,51578.0,2,121,102142.61
10424,Email,IT,15.0,1129.0,16.89,18.0,5,4,51.54,30,71408.0,5,42,99404.54
10425,Google,Healthcare,25.0,1230.0,14.38,15.0,9,4,74.17,32,94702.0,11,50,135539.96
10426,Website,Education,17.0,856.0,18.64,14.0,3,12,58.08,38,109845.0,7,112,107036.86
10427,Facebook,Finance,26.0,378.0,15.04,6.0,5,15,99.5,41,40076.0,12,146,125593.93
10428,Email,Retail,29.0,1308.0,6.82,15.0,5,11,78.31,41,44377.0,7,50,129892.4
10429,Email,Manufacturing,26.0,337.0,6.04,4.0,3,4,96.2,21,34278.0,15,30,127370.85
10430,LinkedIn,Manufacturing,18.0,1398.0,14.23,15.0,5,5,86.8,23,89808.0,1,39,113377.57
10431,Website,Education,22.0,1180.0,4.66,0.0,9,1,92.23,25,58539.0,5,116,117061.63
10432,Referral,Manufacturing,6.0,316.0,2.76,18.0,10,5,85.15,45,36440.0,6,140,81391.63
10433,Google,Healthcare,17.0,795.0,11.11,4.0,7,13,56.73,28,147059.0,11,59,118059.35
10434,Referral,Manufacturing,23.0,754.0,10.45,6.0,2,10,40.14,37,51245.0,6,76,87385.54
10435,Website,Finance,24.0,791.0,2.93,18.0,3,3,49.63,29,47097.0,2,172,69955.23
10436,Website,Finance,18.0,412.0,16.05,4.0,9,7,21.62,52,98703.0,13,132,69372.86
10437,Website,Retail,8.0,1459.0,16.42,16.0,0,12,61.92,26,92092.0,13,164,107811.28
10438,Referral,IT,9.0,417.0,10.16,7.0,3,10,60.4,60,134454.0,8,48,98086.56
10439,Website,Healthcare,6.0,554.0,2.09,0.0,10,8,62.02,41,26151.0,1,142,75237.38
10440,Email,Retail,5.0,668.0,4.32,1.0,9,8,97.92,27,46698.0,10,81,111374.53
10441,Referral,Healthcare,12.0,967.0,14.44,14.0,9,7,92.92,27,42601.0,15,49,131337.8
10442,Website,IT,25.0,305.0,14.52,19.0,8,2,32.94,59,51807.0,2,67,63283.6
10443,Email,Manufacturing,29.0,529.0,18.07,17.0,7,9,49.51,47,70302.0,14,77,107572.57
10444,LinkedIn,Manufacturing,28.0,746.0,12.07,10.0,10,15,53.92,28,110864.0,10,137,113875.44
10445,Website,IT,11.0,366.0,3.36,9.0,3,10,48.84,29,33039.0,1,21,78994.69
10446,Referral,Retail,25.0,961.0,3.31,3.0,6,10,83.88,48,141730.0,10,105,134642.11
10447,Facebook,IT,1.0,510.0,14.7,4.0,9,3,61.92,35,72427.0,8,72,79953.88
10448,Website,Education,11.0,940.0,4.49,3.0,2,15,65.77,22,96839.0,3,16,102835.66
10449,Facebook,Finance,19.0,1326.0,7.24,12.0,8,0,88.24,27,83049.0,1,144,107519.52
10450,Email,Retail,9.0,1111.0,10.26,12.0,9,8,84.47,38,44053.0,2,28,108727.92
10451,LinkedIn,Healthcare,27.0,1381.0,1.47,17.0,3,4,30.58,42,122180.0,12,179,89953.51
10452,Google,Education,2.0,138.0,5.73,1.0,1,5,77.11,30,141801.0,3,80,90967.39
10453,LinkedIn,Retail,12.0,1332.0,8.75,15.0,9,15,54.83,53,126281.0,14,57,120583.83
10454,Website,IT,4.0,357.0,6.31,0.0,4,2,43.57,27,135845.0,15,110,69575.52
10455,Facebook,IT,4.0,344.0,3.59,18.0,1,15,24.0,23,111298.0,13,52,71731.9
10456,Facebook,IT,18.0,1164.0,14.83,8.0,9,10,58.98,34,114147.0,9,174,102482.49
10457,Referral,IT,15.0,728.0,16.45,2.0,5,9,48.43,56,80413.0,12,166,82505.85
10458,Facebook,Healthcare,19.0,810.0,5.89,6.0,10,7,40.12,33,90958.0,5,84,88435.18
10459,Referral,Education,13.0,1282.0,15.71,9.0,9,14,75.57,36,56275.0,4,48,120401.28
10460,Email,Manufacturing,19.0,185.0,8.33,0.0,0,6,81.56,36,51597.0,2,127,84776.93
10461,Google,Finance,17.0,1325.0,10.63,9.0,5,0,39.58,25,102521.0,15,169,91548.28
10462,Website,Healthcare,6.0,916.0,17.26,20.0,3,9,23.96,45,119243.0,9,98,78070.83
10463,Referral,Healthcare,16.0,1055.0,15.25,8.0,2,11,87.9,58,148410.0,7,118,128294.85
10464,Google,Manufacturing,24.0,787.0,16.3,14.0,1,4,20.8,58,139778.0,7,93,77781.77
10465,Facebook,Manufacturing,12.0,751.0,3.6,14.0,6,9,94.97,58,93908.0,6,67,121687.8
10466,Facebook,Finance,19.0,942.0,2.32,2.0,8,8,70.21,59,106619.0,2,74,110484.22
10467,Google,Finance,5.0,1339.0,17.97,4.0,2,11,45.75,46,80188.0,13,84,98478.4
10468,Facebook,Manufacturing,17.0,900.0,8.37,8.0,5,10,39.72,33,59710.0,14,155,88399.71
10469,Email,IT,26.0,42.0,6.47,8.0,8,11,20.72,46,143493.0,15,160,79804.7
10470,Email,Healthcare,23.0,637.0,14.77,6.0,1,5,38.84,21,116352.0,0,10,86360.67
10471,Google,Retail,26.0,527.0,16.89,11.0,6,7,31.02,28,100486.0,4,168,72759.75
10472,Referral,Finance,29.0,267.0,17.39,8.0,4,9,68.97,24,74050.0,0,145,85707.76
10473,Referral,Finance,1.0,1147.0,7.0,5.0,4,0,33.32,41,74249.0,5,118,69235.29
10474,Google,Manufacturing,28.0,791.0,17.19,1.0,10,9,62.29,42,59247.0,10,97,120393.9
10475,Referral,Education,27.0,810.0,1.78,8.0,6,10,67.21,57,95162.0,6,6,118692.91
10476,Referral,Retail,25.0,1224.0,1.94,16.0,8,6,43.84,23,51408.0,14,167,93641.12
10477,Email,Retail,24.0,635.0,12.85,0.0,3,2,22.81,39,101313.0,14,18,83641.57
10478,Referral,Finance,23.0,690.0,2.2,18.0,8,8,22.98,21,95683.0,11,72,90984.02
10479,LinkedIn,IT,10.0,878.0,7.17,5.0,10,5,22.11,49,143335.0,4,89,65450.96
10480,Website,Education,15.0,965.0,13.78,4.0,9,4,79.13,43,30443.0,3,42,102655.99
10481,Facebook,Retail,23.0,657.0,7.41,1.0,8,7,45.44,53,25079.0,1,4,87398.24
10482,LinkedIn,Finance,21.0,172.0,4.41,8.0,3,7,83.7,43,121818.0,4,20,103787.23
10483,Referral,Retail,21.0,1254.0,6.35,13.0,2,11,54.54,25,63345.0,8,28,110846.12
10484,Email,Education,16.0,1233.0,9.69,3.0,1,11,56.24,27,37901.0,3,168,75563.64
10485,Google,Education,13.0,743.0,10.03,3.0,8,2,61.03,26,92759.0,13,104,99191.77
10486,Referral,Healthcare,5.0,1417.0,15.88,20.0,1,1,77.04,42,125873.0,1,44,102818.94
10487,Email,Manufacturing,1.0,508.0,15.25,14.0,5,14,41.88,33,67732.0,12,23,99626.96
10488,Website,Manufacturing,24.0,594.0,9.68,7.0,4,1,60.515,32,104304.0,14,47,85709.59
10489,Referral,Finance,12.0,500.0,17.07,3.0,4,13,64.48,24,144206.0,5,13,97324.81
10490,Google,Education,11.0,413.0,3.17,15.0,3,4,60.515,28,42507.0,7,144,60640.48
10491,Email,Healthcare,17.0,955.0,5.85,20.0,5,15,55.4,57,106785.0,1,95,103143.53
10492,Email,Healthcare,4.0,446.0,16.73,3.0,4,9,71.76,51,60391.0,8,16,93067.71
10493,Email,Retail,15.0,337.0,8.18,15.0,10,15,59.53,57,59171.0,6,119,90712.95
10494,Website,Retail,25.0,678.0,19.64,11.0,3,11,69.62,46,76730.0,13,165,106760.75
10495,Referral,Healthcare,30.0,1420.0,9.86,15.0,8,15,63.54,28,140019.0,12,180,137502.5
10496,Website,Retail,9.0,1054.0,16.05,18.0,5,6,79.18,60,32485.0,1,117,86437.49
10497,Facebook,Education,21.0,1097.0,8.64,7.0,10,7,76.47,53,135104.0,10,10,133510.61
10498,Facebook,IT,20.0,768.0,9.07,5.0,9,9,62.74,49,140427.0,15,122,123481.65
10499,Referral,Education,19.0,1151.0,8.27,9.0,9,14,74.31,25,120320.0,4,38,127591.63
10500,Website,Healthcare,19.0,1318.0,14.66,4.0,9,7,89.88,48,136102.0,4,44,134941.16
10501,Google,Healthcare,12.0,169.0,11.4,17.0,2,12,54.58,60,115153.0,6,95,76272.76
10502,Email,Education,5.0,1290.0,18.93,9.0,9,11,53.02,37,62748.0,12,74,107700.37
10503,Email,Retail,10.0,1003.0,5.77,9.0,5,7,81.14,43,28878.0,14,113,111691.84
10504,Referral,Retail,17.0,1046.0,2.91,6.0,0,14,66.6,29,26949.0,4,51,105227.52
10505,Facebook,Manufacturing,5.0,982.0,8.47,17.0,4,9,25.68,22,110380.0,10,52,77979.4
10506,Facebook,Healthcare,22.0,933.0,12.72,0.0,9,11,60.515,52,141816.0,13,92,146931.94
10507,Email,Finance,16.0,101.0,17.36,6.0,5,10,22.46,51,45881.0,5,59,56608.88
10508,Referral,Manufacturing,7.0,1243.0,7.58,20.0,10,2,79.87,27,76306.0,13,13,116337.27
10509,Website,Retail,28.0,1321.0,13.42,0.0,7,13,80.7,50,112150.0,8,169,144196.5
10510,Facebook,Education,9.0,1374.0,7.65,14.0,10,10,96.25,23,86829.0,2,12,142521.94
10511,Website,Retail,3.0,136.0,12.73,3.0,8,1,24.33,29,140925.0,2,50,50395.5
10512,Facebook,Education,15.0,1285.0,17.81,19.0,10,12,67.75,30,34958.0,7,57,114530.99
10513,Facebook,Manufacturing,16.0,1095.0,5.4,9.0,2,3,54.23,46,84185.0,9,178,90790.99
10514,LinkedIn,Healthcare,18.0,912.0,8.68,8.0,1,14,46.45,21,33697.0,11,119,90086.3
10515,Facebook,Retail,14.0,168.0,19.87,1.0,3,0,27.23,50,112160.0,5,57,57895.5
10516,Google,Education,3.0,644.0,17.5,13.0,7,2,65.01,58,40493.0,11,8,87367.06
10517,Referral,Healthcare,12.0,892.0,11.73,15.0,10,10,58.32,35,67801.0,9,106,96196.6
10518,Referral,Finance,9.0,302.0,10.82,0.0,7,8,28.36,45,46199.0,2,137,47494.07
10519,Website,Education,28.0,445.0,6.41,1.0,2,6,69.0,26,132890.0,1,120,95504.4
10520,Facebook,Manufacturing,16.0,535.0,10.83,6.0,3,6,79.04,38,90792.0,12,63,105968.89
10521,Google,Finance,9.0,762.0,17.12,9.0,2,0,81.38,21,59488.0,1,72,92511.61
10522,Website,Finance,13.0,453.0,14.02,19.0,9,6,92.43,23,55493.0,1,131,103388.3
10523,LinkedIn,IT,18.0,1460.0,6.51,0.0,1,9,52.76,37,136545.0,14,13,128788.43
10524,Website,Retail,5.0,419.0,4.83,12.0,3,6,96.25,28,74002.0,4,137,91890.5
10525,Website,Education,13.0,371.0,6.04,0.0,5,3,89.23,60,48731.0,14,52,107549.54
10526,Facebook,Finance,4.0,975.0,4.23,4.0,10,6,43.72,37,32076.0,11,62,87799.1
10527,LinkedIn,IT,2.0,643.0,2.82,10.0,10,7,32.74,45,26071.0,15,119,74567.78
10528,Website,Manufacturing,16.0,522.0,8.96,14.0,4,15,54.83,32,124926.0,4,109,97686.45
10529,Google,Healthcare,9.0,221.0,3.15,16.0,2,2,52.15,49,92602.0,15,8,81273.02
10530,Google,Education,9.0,528.0,4.27,15.0,1,12,66.06,45,116181.0,0,95,82350.44
10531,Referral,Finance,16.0,851.0,11.4,12.0,8,9,66.67,56,66410.0,1,125,88204.6
10532,LinkedIn,Retail,11.0,1286.0,4.13,10.0,0,1,80.0,45,124201.0,15,173,107449.36
10533,LinkedIn,IT,22.0,256.0,2.21,16.0,8,6,60.79,49,79327.0,1,53,88813.12
10534,Referral,Finance,24.0,1424.0,7.03,10.0,0,4,28.39,31,119948.0,14,63,102286.84
10535,Website,Retail,22.0,168.0,5.19,1.0,6,4,88.66,24,86072.0,3,95,101365.54
10536,LinkedIn,Finance,1.0,885.0,10.79,12.0,5,13,44.78,34,122371.0,6,81,81254.29
10537,Google,Education,4.0,846.0,2.94,13.0,6,4,97.7,58,66041.0,2,57,104491.09
10538,Google,Education,13.0,1202.0,15.28,10.0,2,14,29.43,37,148616.0,4,147,87651.99
10539,Facebook,Education,23.0,1168.0,18.22,9.0,2,6,96.66,22,78326.0,10,67,135207.77
10540,LinkedIn,Manufacturing,13.0,1116.0,15.13,2.0,10,8,27.28,28,63549.0,8,46,86472.4
10541,Website,Manufacturing,13.0,133.0,11.12,16.0,0,10,38.48,56,78096.0,4,94,68391.85
10542,Referral,IT,2.0,900.0,17.35,14.0,3,7,23.73,30,80578.0,8,138,59311.17
10543,Referral,Education,9.0,697.0,14.2,8.0,1,5,76.41,27,71390.0,0,113,84238.66
10544,Website,Retail,24.0,302.0,1.2,9.0,9,6,88.02,56,71052.0,8,93,116891.28
10545,Email,Finance,8.0,1059.0,8.49,7.0,7,8,54.73,36,68167.0,13,146,89493.81
10546,Facebook,Healthcare,7.0,1200.0,17.17,20.0,2,13,94.28,34,79587.0,4,140,114393.44
10547,Referral,Retail,4.0,213.0,7.57,12.0,6,10,67.22,36,86292.0,7,49,86399.85
10548,LinkedIn,Manufacturing,18.0,1081.0,1.67,10.0,6,5,70.4,45,117114.0,4,23,116298.79
10549,Facebook,Manufacturing,3.0,1172.0,15.18,4.0,8,0,87.63,24,100419.0,13,62,115141.32
10550,LinkedIn,Retail,28.0,322.0,16.24,5.0,5,3,43.74,49,67139.0,11,11,90326.2
10551,Google,Manufacturing,6.0,1424.0,4.05,16.0,0,7,48.34,26,142623.0,15,73,104369.3
10552,Facebook,Education,12.0,1297.0,11.21,10.0,7,6,92.48,21,112753.0,5,118,122269.66
10553,Referral,IT,12.0,1271.0,4.65,19.0,0,15,92.08,59,35707.0,7,88,126382.06
10554,Facebook,Finance,21.0,206.0,10.45,15.0,2,2,98.12,21,131392.0,1,89,98894.3
10555,Facebook,IT,28.0,1352.0,6.16,8.0,10,9,92.15,60,38140.0,2,55,131318.72
10556,Facebook,Finance,8.0,87.0,7.01,1.0,4,2,30.19,23,140149.0,10,153,68459.72
10557,Email,Finance,22.0,1322.0,17.05,4.0,7,10,85.9,21,36093.0,8,9,142064.04
10558,Facebook,IT,22.0,337.0,10.05,0.0,8,2,52.79,21,107036.0,4,12,80238.45
10559,LinkedIn,Retail,1.0,1341.0,13.73,3.0,6,11,99.26,59,86829.0,4,139,123656.67
10560,Google,Finance,4.0,1006.0,8.65,3.0,8,14,57.78,41,97043.0,8,113,101241.83
10561,Website,IT,21.0,1158.0,6.66,2.0,10,0,64.31,50,123122.0,9,166,99455.21
10562,Facebook,Finance,28.0,1281.0,12.88,8.0,2,14,62.38,52,149534.0,2,156,124069.22
10563,Referral,Healthcare,11.0,1300.0,3.94,11.0,4,9,45.74,53,30830.0,13,8,99860.72
10564,Facebook,Retail,3.0,729.0,8.09,9.0,9,0,26.0,42,55608.0,3,175,41808.31
10565,Referral,Education,13.0,791.0,4.97,1.0,7,5,91.65,50,127865.0,15,36,123599.59
10566,LinkedIn,Finance,25.0,1239.0,10.45,10.0,0,13,60.515,24,149678.0,15,125,144403.45
10567,Referral,Healthcare,17.0,281.0,18.94,9.0,7,13,31.16,43,72287.0,15,50,82349.84
10568,Website,Education,22.0,1408.0,19.91,5.0,6,0,82.14,45,115047.0,15,107,136706.42
10569,Google,Education,22.0,825.0,9.56,17.0,0,4,70.07,32,86829.0,6,9,101819.4
10570,Referral,Finance,10.0,926.0,5.8,1.0,9,3,52.73,37,109042.0,1,67,91293.4
10571,Referral,IT,21.0,239.0,9.41,1.0,9,4,40.32,35,53395.0,7,53,71653.03
10572,Google,Finance,12.0,845.0,17.1,9.0,5,6,88.78,30,134839.0,4,82,107595.0
10573,Website,Healthcare,15.0,638.0,4.91,15.0,0,5,76.02,55,137306.0,14,110,115892.53
10574,Facebook,Education,21.0,476.0,19.09,11.0,1,11,63.82,49,117662.0,0,145,90743.22
10575,Referral,Finance,10.0,489.0,7.5,0.0,4,8,68.77,32,120002.0,2,53,98658.21
10576,Google,IT,14.0,997.0,19.73,20.0,1,5,27.29,21,42970.0,14,156,72559.19
10577,LinkedIn,Finance,16.0,501.0,16.93,7.0,9,8,57.91,21,95218.0,8,114,91897.94
10578,Google,Retail,5.0,399.0,16.36,15.0,0,3,35.5,30,146487.0,4,63,59269.25
10579,LinkedIn,IT,6.0,929.0,7.04,17.0,5,0,36.67,38,139006.0,7,143,69019.17
10580,Website,Healthcare,24.0,952.0,1.17,12.0,7,0,72.9,22,101475.0,0,19,108204.42
10581,Facebook,Education,2.0,166.0,8.26,14.0,7,9,92.9,28,99362.0,13,124,109368.11
10582,Google,Finance,22.0,396.0,6.73,20.0,7,6,52.3,42,48371.0,6,86,73831.21
10583,Email,IT,17.0,941.0,1.71,11.0,10,12,36.62,42,120482.0,6,70,96346.59
10584,Referral,Retail,4.0,213.0,10.6,7.0,5,15,71.9,46,114895.0,7,47,107553.94
10585,Website,IT,14.0,1340.0,8.66,9.0,10,12,89.69,46,44266.0,2,108,122269.01
10586,Google,Manufacturing,10.0,501.0,13.06,13.0,2,12,79.87,29,128553.0,0,176,102783.79
10587,Referral,Retail,3.0,1428.0,12.8,4.0,0,2,89.5,41,44195.0,10,20,108882.73
10588,Google,Healthcare,25.0,683.0,3.29,17.0,1,1,62.92,51,135949.0,14,37,111310.27
10589,LinkedIn,Education,3.0,778.0,19.56,18.0,4,15,80.15,26,52315.0,8,130,98202.76
10590,Google,Healthcare,15.0,566.0,4.55,14.0,9,13,31.21,34,145215.0,0,36,79880.71
10591,Email,Finance,6.0,831.0,9.46,5.0,4,5,47.86,53,108804.0,10,133,77068.23
10592,Google,IT,17.0,1303.0,10.27,10.0,9,5,51.16,27,100246.0,5,64,111769.08
10593,Google,Manufacturing,12.0,949.0,16.45,20.0,0,12,60.9,44,66581.0,8,7,101607.07
10594,Email,Retail,22.0,539.0,2.89,10.0,0,6,94.33,29,70537.0,13,120,112935.57
10595,Website,Retail,20.0,659.0,9.14,19.0,8,4,89.94,31,104697.0,1,22,116411.45
10596,Google,IT,24.0,1031.0,12.94,19.0,1,7,30.76,43,122357.0,3,46,82891.98
10597,Email,Manufacturing,29.0,1126.0,5.09,20.0,6,6,33.82,22,144761.0,1,168,88574.85
10598,Referral,IT,11.0,1335.0,12.92,17.0,9,1,48.61,35,100265.0,3,110,77062.08
10599,LinkedIn,Finance,25.0,945.0,18.55,17.0,3,14,43.26,55,138984.0,1,46,96544.32
10600,LinkedIn,Healthcare,4.0,791.0,19.95,9.0,6,15,69.18,56,139451.0,11,28,134863.39
10601,Google,Retail,26.0,1063.0,1.62,1.0,7,0,92.22,48,117449.0,0,87,116823.05
10602,Website,Finance,28.0,1264.0,5.48,8.0,4,12,96.98,59,145104.0,10,35,153853.2
10603,Website,Healthcare,26.0,181.0,6.9,13.0,0,13,72.29,24,47184.0,2,129,84204.42
10604,Referral,Finance,6.0,791.0,8.58,18.0,3,8,87.05,30,48279.0,7,157,105268.88
10605,Google,Manufacturing,1.0,1248.0,5.6,9.0,9,4,62.02,26,51570.0,4,9,97356.24
10606,LinkedIn,Retail,20.0,1336.0,4.87,3.0,2,11,36.67,50,68030.0,15,9,111369.89
10607,Website,IT,23.0,493.0,19.14,5.0,9,10,61.98,55,87245.0,3,22,98387.26
10608,Google,IT,28.0,1166.0,18.45,13.0,4,4,64.41,30,80467.0,4,70,100632.84
10609,Website,Healthcare,16.0,300.0,1.89,3.0,9,11,79.4,52,144618.0,5,141,113772.23
10610,Email,Education,15.0,1216.0,7.44,14.0,9,15,37.59,23,60133.0,5,147,89930.02
10611,Website,Manufacturing,17.0,489.0,8.7,15.0,5,9,49.46,46,103731.0,4,161,75514.96
10612,LinkedIn,Healthcare,8.0,134.0,5.54,6.0,1,3,49.12,35,68805.0,11,65,66745.38
10613,Facebook,Education,28.0,1335.0,12.95,16.0,6,1,96.76,37,68998.0,10,140,124987.26
10615,Referral,Manufacturing,12.0,380.0,17.16,18.0,0,1,80.41,38,106088.0,5,17,95114.03
10616,LinkedIn,Finance,27.0,463.0,15.08,16.0,9,11,80.06,39,93264.0,8,68,124072.8
10617,Website,Retail,22.0,881.0,11.31,5.0,2,6,41.24,32,140603.0,4,29,91384.92
10618,Google,Manufacturing,21.0,169.0,13.42,10.0,8,10,65.75,44,73245.0,12,135,97452.73
10619,Website,Education,10.0,1185.0,6.21,15.0,9,8,91.54,25,48557.0,5,44,125414.5
10620,LinkedIn,Retail,27.0,116.0,12.27,7.0,10,8,58.02,44,95474.0,3,133,87012.69
10621,Referral,IT,15.0,212.0,10.3,10.0,10,10,95.61,47,121738.0,12,134,121769.54
10623,Referral,Healthcare,9.0,158.0,5.61,18.0,10,0,25.93,35,116228.0,12,174,47318.18
10624,Google,IT,2.0,1299.0,6.54,9.0,5,15,91.32,58,110513.0,11,54,139672.19
10625,Referral,IT,5.0,699.0,18.56,8.0,3,12,87.81,54,90074.0,5,46,117914.01
10626,Referral,Healthcare,6.0,1431.0,5.38,3.0,7,5,99.41,47,83204.0,10,138,123270.18
10627,Facebook,Manufacturing,7.0,178.0,6.5,14.0,4,4,74.35,40,123597.0,10,4,93595.4
10628,Facebook,IT,21.0,1014.0,8.02,12.0,6,3,94.94,52,117800.0,4,153,115953.74
10629,Email,Education,25.0,881.0,13.61,1.0,8,15,86.16,24,50575.0,3,91,124816.4
10630,Facebook,Retail,1.0,1486.0,3.25,1.0,4,11,87.55,25,105263.0,4,61,119660.71
10631,Referral,IT,23.0,657.0,19.12,15.0,10,5,65.53,28,101024.0,6,166,95837.77
10632,LinkedIn,Education,26.0,475.0,17.45,8.0,4,5,50.59,42,45069.0,0,160,67198.13
10633,Referral,Finance,7.0,913.0,11.97,12.0,3,15,94.76,27,49400.0,15,151,123817.64
10634,LinkedIn,Education,20.0,323.0,13.81,2.0,5,15,54.57,42,49146.0,13,111,97287.65
10635,LinkedIn,Retail,16.0,1196.0,1.32,8.0,1,13,63.11,50,31846.0,14,37,118488.33
10636,Facebook,Education,30.0,279.0,7.44,12.0,2,5,55.69,57,65352.0,15,3,99998.94
10637,Website,Healthcare,12.0,907.0,16.12,20.0,0,1,65.19,36,48694.0,0,13,72013.34
10638,Google,Retail,16.0,977.0,2.47,10.0,1,14,57.64,35,46740.0,10,162,98493.39
10639,Facebook,Manufacturing,16.0,1004.0,6.36,7.0,1,13,23.84,25,74438.0,12,88,82788.22
10640,Facebook,Finance,11.0,1355.0,12.12,8.0,7,15,90.56,23,55996.0,0,76,130171.31
10641,Website,Healthcare,21.0,1078.0,5.87,10.0,7,6,55.55,43,88874.0,1,8,103363.88
10642,Google,Manufacturing,4.0,818.0,18.75,1.0,1,13,67.12,30,122661.0,8,83,101856.14
10643,Referral,Education,13.0,1013.0,3.49,5.0,5,3,31.14,25,131945.0,12,9,84108.33
10644,Email,Retail,7.0,918.0,16.15,7.0,4,12,20.27,43,84682.0,15,156,65392.91
10645,Email,Finance,4.0,919.0,10.65,4.0,2,14,39.62,35,69200.0,4,78,80657.57
10646,Referral,Healthcare,15.0,99.0,15.26,8.0,4,11,76.37,38,47970.0,13,124,99654.37
10647,Facebook,Manufacturing,19.0,654.0,6.9,0.0,4,8,27.94,45,35895.0,8,146,69901.7
10648,Google,Manufacturing,9.0,904.0,10.78,8.0,4,15,92.71,28,63071.0,12,42,134918.14
10649,Facebook,Finance,11.0,1165.0,17.28,9.0,2,9,37.2,51,77268.0,4,41,79982.07
10650,LinkedIn,Education,8.0,1417.0,9.87,3.0,2,1,36.37,41,47258.0,14,161,63305.58
10651,Facebook,Finance,1.0,1356.0,7.83,2.0,3,4,34.52,22,86829.0,13,89,86189.14
10652,Facebook,Manufacturing,23.0,500.0,11.19,9.0,6,13,21.12,42,121177.0,6,77,74442.79
10653,Referral,IT,25.0,120.0,14.63,14.0,1,3,81.74,28,82300.0,13,54,105154.64
10654,Referral,Healthcare,24.0,559.0,9.43,10.0,9,8,90.0,43,86915.0,13,164,125326.3
10655,Referral,Finance,8.0,690.0,18.84,13.0,3,3,69.13,52,33444.0,15,97,88426.38
10656,Email,Manufacturing,13.0,768.0,6.6,5.0,3,7,35.06,28,86829.0,14,98,79480.39
10657,LinkedIn,Education,22.0,755.0,10.03,11.0,0,7,42.82,24,101064.0,5,56,82829.38
10658,Referral,Manufacturing,27.0,901.0,15.38,12.0,9,5,58.07,50,140923.0,1,100,93919.95
10659,Google,Education,4.0,221.0,14.09,16.0,7,5,96.35,39,91535.0,15,145,103555.6
10660,Email,Finance,8.0,1295.0,17.41,15.0,0,15,39.79,43,28760.0,2,10,78197.56
10661,Website,Education,3.0,167.0,19.94,2.0,7,10,78.53,38,61884.0,4,44,89871.76
10662,Google,Retail,29.0,374.0,9.11,1.0,6,7,55.16,49,127715.0,3,130,86557.59
10663,Google,Retail,9.0,1233.0,3.11,10.0,8,11,43.83,43,112477.0,13,142,98441.05
10664,Referral,Retail,29.0,1038.0,1.58,8.0,7,12,56.47,53,51022.0,10,169,104163.3
10665,Website,IT,2.0,532.0,14.81,2.0,4,11,25.7,38,79504.0,5,130,64281.07
10666,Website,Finance,2.0,232.0,17.61,17.0,7,9,83.89,53,68130.0,7,19,103917.67
10667,Email,Manufacturing,28.0,602.0,5.19,19.0,10,8,39.46,27,68881.0,7,80,89182.0
10668,Website,Manufacturing,13.0,221.0,4.01,14.0,9,14,78.03,48,87399.0,2,89,103337.73
10669,LinkedIn,IT,15.0,791.0,2.18,13.0,2,4,25.47,21,61451.0,3,1,54428.34
10670,Referral,Education,28.0,1290.0,16.63,1.0,9,10,96.41,59,76413.0,15,130,151071.52
10671,Website,IT,23.0,340.0,6.92,16.0,6,0,35.44,54,117057.0,0,27,63512.34
10672,Email,Education,12.0,578.0,8.63,7.0,3,0,90.62,59,87278.0,1,2,100234.82
10673,LinkedIn,Education,26.0,85.0,10.55,9.0,4,14,84.76,39,138286.0,12,179,114044.8
10674,Facebook,Healthcare,4.0,472.0,16.95,17.0,8,1,97.43,51,86829.0,8,138,96232.82
10675,Facebook,Manufacturing,26.0,1290.0,13.37,10.0,6,9,58.23,33,59621.0,14,19,122900.62
10676,LinkedIn,Retail,8.0,899.0,12.69,7.0,3,9,78.19,44,86829.0,11,141,115009.81
10677,Email,Education,9.0,1250.0,4.34,7.0,5,4,49.66,25,148479.0,9,176,87975.94
10678,LinkedIn,Healthcare,23.0,614.0,10.75,2.0,9,3,34.75,43,38079.0,9,114,69042.44
10679,Referral,Manufacturing,5.0,781.0,14.59,2.0,10,0,55.45,39,31895.0,1,56,67444.2
10680,Referral,Retail,24.0,389.0,19.49,11.0,6,3,33.26,21,118515.0,11,178,70025.27
10681,Facebook,Education,20.0,848.0,4.83,16.0,9,3,98.56,53,77142.0,5,95,119881.28
10682,Website,Education,18.0,59.0,1.18,3.0,8,9,27.7,53,136239.0,13,173,73842.63
10683,Email,IT,11.0,137.0,2.43,16.0,3,3,67.14,52,37552.0,15,167,73227.25
10684,Facebook,IT,15.0,873.0,10.45,13.0,9,0,70.12,48,117930.0,6,149,97596.61
10685,Website,Manufacturing,28.0,746.0,16.59,10.0,2,8,63.05,57,73821.0,5,57,102234.15
10686,Website,Retail,22.0,920.0,1.14,8.0,7,13,72.97,32,122812.0,7,102,125007.98
10687,Referral,Education,9.0,989.0,9.68,20.0,0,2,29.29,29,58630.0,8,169,53522.11
10688,Google,Manufacturing,17.0,1498.0,7.26,11.0,8,12,64.4,31,95063.0,7,70,126445.94
10689,Google,Manufacturing,27.0,922.0,2.0,4.0,0,3,42.98,53,37247.0,4,82,76902.28
10690,LinkedIn,Finance,26.0,1491.0,9.55,10.0,1,4,95.21,39,42603.0,7,49,131736.17
10691,Referral,IT,12.0,761.0,5.84,19.0,7,12,80.97,54,127099.0,9,172,112490.78
10692,Website,Retail,16.0,635.0,7.69,2.0,8,12,97.8,27,70564.0,14,163,123303.22
10693,Email,Education,10.0,486.0,14.41,20.0,6,6,23.0,51,136038.0,14,91,75777.86
10694,Google,Manufacturing,25.0,644.0,10.91,14.0,2,15,42.81,22,25527.0,9,5,91883.09
10695,Website,Education,26.0,727.0,3.37,13.0,6,5,35.63,39,81521.0,8,179,81263.79
10696,Google,Finance,25.0,703.0,19.27,10.0,5,4,20.89,58,93458.0,15,57,93887.74
10697,Google,Retail,10.0,1300.0,13.08,19.0,1,7,39.39,52,30849.0,13,92,80057.79
10698,Google,Manufacturing,27.0,572.0,15.55,7.0,2,15,74.3,30,120836.0,7,36,121060.49
10699,Email,Education,13.0,886.0,2.51,3.0,10,13,38.49,28,118316.0,1,138,81996.31
10700,Referral,IT,19.0,926.0,1.89,11.0,9,0,60.72,46,75314.0,1,178,74726.65
10701,Email,Finance,11.0,1492.0,1.37,7.0,9,6,91.03,50,70724.0,11,165,121970.57
10702,Facebook,Retail,13.0,307.0,4.59,10.0,4,11,75.5,31,118676.0,2,112,99064.65
10703,Website,Finance,21.0,581.0,8.87,14.0,9,5,51.57,40,42230.0,6,148,78865.54
10704,Referral,IT,8.0,140.0,18.78,11.0,3,10,49.8,40,117229.0,8,13,92543.05
10705,Referral,Retail,8.0,414.0,9.68,15.0,1,15,56.46,29,97495.0,7,122,83615.13
10706,Referral,Finance,4.0,790.0,6.51,15.0,3,4,34.16,28,126390.0,8,109,70752.38
10707,Referral,Healthcare,15.0,1244.0,11.68,20.0,7,15,70.72,35,67730.0,5,147,107744.28
10708,Email,IT,28.0,723.0,3.13,19.0,4,6,49.13,54,110203.0,0,92,86173.54
10709,Referral,IT,11.0,1479.0,12.58,19.0,4,2,88.19,44,116937.0,13,102,128172.64
10710,LinkedIn,IT,11.0,434.0,11.8,3.0,9,0,80.52,53,138723.0,15,56,105124.38
10711,Website,Healthcare,1.0,1388.0,16.05,10.0,2,8,68.84,60,28323.0,11,45,98708.43
10712,Referral,Healthcare,17.0,1262.0,19.75,12.0,7,1,49.14,47,25445.0,15,60,99679.09
10713,Website,Education,15.0,51.0,5.77,8.0,5,12,36.79,41,107945.0,3,54,73976.4
10714,LinkedIn,Manufacturing,20.0,707.0,10.68,3.0,1,9,82.09,25,34963.0,12,37,109006.87
10715,LinkedIn,Finance,6.0,640.0,18.27,11.0,1,14,58.91,55,75511.0,5,37,88433.99
10716,Website,Education,24.0,1261.0,15.92,8.0,8,2,37.98,41,147898.0,14,14,102048.5
10717,Google,Finance,22.0,37.0,10.26,12.0,6,7,35.61,24,145801.0,11,95,81073.65
10718,Facebook,Manufacturing,16.0,731.0,18.96,15.0,9,11,33.23,36,148440.0,15,172,107543.15
10719,Google,Healthcare,25.0,558.0,10.45,5.0,8,9,82.17,51,40437.0,5,102,114471.74
10720,Google,Manufacturing,15.0,631.0,18.69,9.0,5,8,38.32,46,41855.0,14,42,90400.91
10721,Email,Healthcare,9.0,686.0,1.96,12.0,4,12,62.13,55,106947.0,7,1,107014.0
10722,Google,Manufacturing,14.0,195.0,11.4,6.0,0,15,56.12,26,148439.0,14,23,111378.6
10723,Referral,Education,18.0,878.0,17.92,18.0,5,2,66.37,53,35847.0,15,28,104872.96
10724,Email,Retail,26.0,525.0,5.99,18.0,5,5,90.17,41,28236.0,0,132,94948.9
10725,Email,Education,17.0,619.0,9.97,16.0,2,6,89.42,36,86897.0,12,169,114626.41
10726,LinkedIn,Finance,18.0,458.0,7.16,12.0,2,14,56.09,59,148824.0,10,18,111123.95
10727,Google,Education,5.0,803.0,19.09,12.0,2,0,21.23,54,143636.0,1,49,45802.75
10728,LinkedIn,IT,20.0,192.0,16.65,20.0,2,13,54.12,35,38487.0,1,47,82973.04
10729,Website,Finance,20.0,395.0,14.47,1.0,6,6,68.5,26,102384.0,12,115,101556.75
10730,Facebook,Manufacturing,9.0,1292.0,12.16,9.0,9,3,64.62,22,87423.0,5,39,101108.69
10731,Email,Finance,11.0,101.0,16.59,12.0,10,15,72.11,44,38155.0,13,6,114048.67
10732,Website,Retail,24.0,1498.0,8.45,8.0,1,4,32.33,48,36255.0,13,53,95003.89
10733,Website,Healthcare,22.0,684.0,9.5,0.0,9,7,71.72,21,145860.0,10,25,120813.24
10734,Referral,Manufacturing,1.0,298.0,14.87,13.0,9,3,34.61,21,26979.0,6,99,48451.58
10735,Facebook,Finance,18.0,444.0,10.45,15.0,1,14,80.04,48,46305.0,1,65,94488.67
10736,Website,Manufacturing,6.0,1298.0,2.21,19.0,2,3,47.13,56,99543.0,4,133,72491.41
10737,Website,Manufacturing,27.0,1045.0,2.41,14.0,9,7,76.79,40,60094.0,5,8,110016.88
10738,Facebook,Manufacturing,2.0,704.0,3.19,0.0,6,14,23.83,28,60098.0,3,39,59581.8
10739,Facebook,Healthcare,15.0,1113.0,17.52,16.0,2,4,52.63,21,114566.0,0,111,81922.76
10740,Website,Education,29.0,35.0,9.97,12.0,6,12,76.4,46,58770.0,2,43,89822.6
10741,Facebook,Manufacturing,26.0,1011.0,14.54,14.0,8,5,38.15,45,34734.0,15,82,88937.74
10742,Website,IT,21.0,599.0,8.47,15.0,10,11,83.62,30,96984.0,13,123,129195.81
10743,Website,Retail,14.0,436.0,5.92,15.0,9,10,70.46,32,64605.0,9,133,91927.24
10744,Referral,Healthcare,5.0,791.0,7.6,1.0,10,13,67.0,27,102932.0,8,4,122234.29
10745,Google,Finance,6.0,55.0,16.09,16.0,3,4,48.28,32,80619.0,12,108,58780.14
10746,Website,Healthcare,6.0,1058.0,12.88,10.0,6,0,58.6,60,149109.0,5,93,92659.55
10747,LinkedIn,Finance,30.0,1015.0,18.82,7.0,8,6,67.79,37,52881.0,1,129,99782.83
10748,Email,Healthcare,22.0,419.0,13.91,19.0,7,5,57.8,25,88401.0,8,94,87660.59
10749,Google,Finance,30.0,739.0,11.83,2.0,7,1,75.87,34,56177.0,3,56,92271.99
10750,Google,Manufacturing,18.0,600.0,12.59,11.0,8,10,54.7,54,65122.0,10,173,85942.25
10751,Google,Education,14.0,783.0,18.91,19.0,4,6,36.18,37,137555.0,12,3,97377.94
10752,Referral,Finance,10.0,175.0,15.98,15.0,4,5,37.11,55,60297.0,7,22,70577.91
10753,Website,Finance,14.0,1441.0,1.46,13.0,2,4,20.46,21,136513.0,9,56,82274.9
10754,Referral,IT,13.0,814.0,11.15,15.0,4,7,44.08,56,141118.0,6,18,92501.79
10755,Website,Finance,30.0,1302.0,14.08,20.0,7,4,79.91,35,61680.0,11,153,119886.01
10756,Referral,IT,3.0,555.0,15.23,16.0,4,10,83.53,39,108452.0,10,176,106477.02
10757,Referral,Retail,30.0,42.0,5.05,10.0,3,1,36.2,25,76044.0,2,116,55558.31
10758,Email,Manufacturing,6.0,932.0,17.48,16.0,7,5,96.72,39,121775.0,14,84,133894.78
10759,LinkedIn,IT,29.0,413.0,19.16,18.0,6,15,60.19,59,69084.0,7,159,100404.02
10760,Referral,Education,8.0,585.0,5.5,0.0,5,13,93.36,25,59189.0,3,30,113737.75
10761,Email,Manufacturing,12.0,916.0,17.77,11.0,4,11,76.54,32,38510.0,1,80,93396.05
10762,Facebook,IT,13.0,1452.0,2.84,10.0,4,0,77.79,39,115502.0,10,66,126240.92
10763,LinkedIn,Manufacturing,11.0,48.0,2.06,17.0,9,4,26.8,32,47152.0,4,10,60528.94
10764,Referral,Manufacturing,12.0,604.0,3.46,13.0,1,13,37.6,56,109738.0,0,59,83874.44
10765,Google,Manufacturing,1.0,780.0,2.1,0.0,3,5,20.71,32,51445.0,12,51,53933.15
10766,Facebook,Retail,17.0,1033.0,17.06,12.0,7,14,77.29,38,101688.0,7,123,122397.7
10767,Facebook,Education,16.0,448.0,2.12,14.0,7,6,47.56,54,96153.0,13,137,82264.45
10768,Email,Healthcare,11.0,1390.0,6.16,6.0,10,13,82.93,53,26195.0,7,54,127740.88
10769,Facebook,Healthcare,13.0,448.0,2.97,14.0,0,1,47.11,38,129533.0,2,81,68369.96
10770,LinkedIn,IT,18.0,151.0,6.61,19.0,1,0,85.55,49,84949.0,0,137,77573.94
10771,Referral,Manufacturing,11.0,461.0,2.72,9.0,4,5,30.46,25,50433.0,3,9,58773.17
10772,Referral,IT,28.0,73.0,13.69,13.0,8,2,33.87,45,30305.0,8,101,72188.06
10773,Google,Retail,12.0,1370.0,3.53,5.0,9,4,47.27,44,83860.0,15,152,98343.29
10774,Email,Retail,6.0,410.0,17.19,13.0,10,11,52.68,49,98613.0,8,39,82657.97
10775,Google,Finance,9.0,174.0,16.53,11.0,10,14,47.9,58,73648.0,14,136,84257.08
10776,Facebook,Retail,16.0,1380.0,1.26,10.0,6,10,81.09,53,88090.0,0,153,106805.09
10777,Google,Finance,4.0,392.0,18.02,19.0,9,12,27.76,30,121921.0,10,110,69079.57
10778,LinkedIn,Education,3.0,1103.0,10.45,18.0,4,15,48.1,57,67113.0,14,66,103339.62
10779,Referral,IT,28.0,1118.0,5.55,1.0,0,14,86.98,53,140530.0,15,10,157682.71
10780,Facebook,Education,16.0,384.0,1.62,19.0,5,1,25.34,43,128504.0,15,117,65916.77
10781,Google,Retail,24.0,829.0,7.38,0.0,7,14,95.39,31,145609.0,15,152,144830.0
10782,Email,Education,27.0,1217.0,10.76,7.0,6,0,98.91,44,67642.0,6,83,124628.33
10783,LinkedIn,Education,26.0,1194.0,16.14,13.0,1,0,27.09,44,58062.0,5,159,70333.91
10784,LinkedIn,Education,30.0,855.0,7.42,8.0,4,12,43.3,27,96633.0,13,139,107219.55
10785,Google,Retail,25.0,1181.0,14.4,1.0,10,10,49.79,41,129716.0,6,134,112453.15
10786,Referral,Manufacturing,12.0,427.0,4.56,4.0,3,3,82.11,40,66604.0,6,70,88911.22
10787,Google,Education,11.0,909.0,15.26,7.0,8,9,67.67,30,135129.0,7,160,97104.81
10788,Facebook,Finance,5.0,492.0,5.48,15.0,9,12,71.55,45,31678.0,15,39,112709.51
10789,Google,Retail,25.0,837.0,3.73,15.0,0,15,80.6,56,57121.0,7,176,119045.65
10790,LinkedIn,Education,18.0,216.0,4.52,12.0,5,1,29.44,35,73503.0,9,13,57471.8
10791,Google,Manufacturing,19.0,761.0,4.46,19.0,2,0,86.66,60,86829.0,13,59,127909.49
10792,Referral,Retail,23.0,1243.0,10.74,14.0,10,5,76.45,60,96279.0,10,67,128055.43
10793,Email,Healthcare,23.0,1441.0,17.05,0.0,8,13,66.19,26,41494.0,1,41,117377.06
10794,Website,Manufacturing,6.0,458.0,2.51,2.0,4,3,91.18,57,132079.0,11,35,108188.99
10795,Google,Finance,22.0,887.0,14.43,5.0,5,9,76.02,22,69185.0,11,166,103115.79
10796,Referral,Education,18.0,1337.0,13.43,13.0,10,12,36.14,32,34678.0,11,81,88958.25
10797,Referral,Healthcare,26.0,266.0,17.58,3.0,8,11,54.38,24,62632.0,3,34,97088.54
10798,Email,Healthcare,6.0,1247.0,5.64,17.0,8,14,59.52,43,71235.0,3,76,101305.89
10799,LinkedIn,Retail,4.0,1340.0,9.55,14.0,7,6,24.42,33,26648.0,12,70,75785.28
10800,Referral,Healthcare,12.0,791.0,18.59,8.0,8,15,96.37,37,106213.0,14,11,152123.59
10801,Referral,Finance,19.0,787.0,13.54,17.0,3,10,30.29,51,139222.0,10,112,85734.54
10802,Referral,Finance,29.0,165.0,10.45,2.0,5,5,75.8,36,113301.0,9,27,119718.72
10803,Referral,IT,27.0,821.0,3.5,9.0,4,4,60.5,46,92917.0,11,48,104473.68
10804,Facebook,Finance,29.0,200.0,5.99,16.0,4,9,22.05,48,41489.0,12,24,71964.42
10805,Facebook,Manufacturing,2.0,188.0,12.04,6.0,3,11,93.98,21,102281.0,7,18,105441.02
10806,LinkedIn,Healthcare,17.0,230.0,14.65,14.0,1,12,88.15,32,30818.0,15,27,119292.94
10807,Google,Finance,11.0,991.0,3.36,0.0,5,11,61.94,57,133190.0,13,54,122219.82
10808,Referral,Retail,11.0,612.0,12.39,10.0,8,11,38.32,40,149613.0,12,55,95205.41
10809,Email,IT,21.0,905.0,11.46,16.0,0,11,29.73,22,58149.0,12,120,73359.72
10810,Google,Healthcare,16.0,400.0,10.77,4.0,6,1,49.07,56,52312.0,2,21,75984.19
10811,Email,IT,16.0,791.0,14.11,6.0,5,4,40.43,35,62124.0,11,115,53368.51
10812,Google,Healthcare,2.0,1031.0,16.91,18.0,2,8,60.54,58,129222.0,12,162,92970.04
10813,LinkedIn,Retail,23.0,1178.0,7.14,14.0,0,8,97.31,42,26316.0,14,120,123599.27
10814,Referral,IT,8.0,1366.0,17.89,2.0,3,1,66.0,52,95990.0,12,58,107360.36
10815,Referral,Education,13.0,1005.0,4.05,14.0,8,6,91.19,40,85046.0,11,176,115033.69
10816,Website,Manufacturing,10.0,827.0,4.29,4.0,1,9,72.07,56,103643.0,2,54,101308.49
10817,Email,Manufacturing,8.0,1283.0,6.07,11.0,2,13,58.02,53,86829.0,12,146,101562.28
10818,Google,Healthcare,30.0,687.0,3.27,19.0,1,3,88.37,35,111724.0,1,3,119712.18
10819,Google,Education,4.0,911.0,5.38,4.0,1,12,57.71,23,138115.0,0,152,78747.72
10820,Facebook,IT,15.0,1250.0,3.02,2.0,9,12,89.49,49,122504.0,7,129,139491.66
10821,Website,Education,30.0,762.0,16.61,8.0,10,2,43.33,47,140594.0,13,6,109488.72
10823,Facebook,IT,11.0,601.0,15.2,6.0,7,15,88.43,51,130925.0,8,86,120754.45
10824,Facebook,Retail,7.0,200.0,1.91,1.0,2,0,66.99,42,140350.0,10,115,81412.64
10825,Email,Education,17.0,1435.0,19.02,20.0,6,2,91.13,55,48102.0,7,171,108584.7
10826,Email,Education,27.0,202.0,14.51,15.0,7,10,95.03,27,139430.0,4,123,121501.07
10827,LinkedIn,Retail,20.0,692.0,1.13,8.0,2,8,24.29,26,131958.0,0,136,58687.06
10828,LinkedIn,Education,24.0,482.0,15.51,12.0,1,13,60.08,46,56957.0,8,180,87867.76
10829,Facebook,Education,18.0,379.0,10.77,18.0,7,14,50.0,21,37872.0,15,73,99023.28
10830,Website,Education,22.0,523.0,15.81,19.0,2,8,70.07,39,75094.0,5,47,93438.76
10831,Google,Manufacturing,29.0,649.0,10.93,16.0,6,6,83.49,27,72719.0,11,85,120905.4
10832,Email,Finance,22.0,1057.0,13.18,5.0,0,15,42.45,56,98885.0,14,28,112804.59
10833,Website,Retail,12.0,1146.0,15.94,3.0,5,2,64.54,32,146103.0,6,46,108176.68
10834,Referral,Education,9.0,948.0,8.7,0.0,8,12,76.7,40,44693.0,7,132,113839.88
10835,Email,Manufacturing,5.0,35.0,1.05,17.0,2,2,30.75,43,75478.0,12,120,44912.07
10836,Email,Retail,10.0,317.0,17.15,18.0,6,3,85.13,45,123163.0,4,136,94183.92
10837,LinkedIn,Healthcare,4.0,791.0,8.24,8.0,5,15,68.49,50,68677.0,5,116,110950.99
10838,Google,Healthcare,5.0,1477.0,10.42,12.0,7,6,95.96,49,85012.0,11,61,127249.79
10839,Google,Education,28.0,637.0,1.15,7.0,2,6,47.16,51,35760.0,15,17,86670.24
10840,Referral,Manufacturing,28.0,486.0,10.35,12.0,2,11,28.65,38,36584.0,12,34,84383.15
10841,Referral,Manufacturing,10.0,1255.0,19.74,14.0,3,11,60.52,39,27106.0,6,20,104801.23
10842,Email,Retail,11.0,1265.0,6.29,10.0,2,13,26.86,24,38669.0,6,162,59207.18
10843,Facebook,Retail,21.0,1059.0,8.51,11.0,8,1,97.56,21,144487.0,1,43,127963.34
10844,LinkedIn,Manufacturing,24.0,653.0,14.06,13.0,10,11,23.09,35,50223.0,13,10,85863.05
10845,LinkedIn,Retail,10.0,791.0,16.48,3.0,3,14,80.28,28,85666.0,10,94,109239.46
10846,Email,Manufacturing,28.0,476.0,8.93,0.0,5,4,62.01,35,60706.0,11,158,91767.41
10847,Website,Finance,8.0,864.0,6.88,3.0,7,6,49.49,35,93019.0,13,115,96747.54
10848,Facebook,Manufacturing,2.0,1159.0,18.82,18.0,10,6,25.27,59,86585.0,0,153,52549.35
10849,Email,Healthcare,23.0,840.0,13.87,8.0,7,5,69.77,42,52482.0,7,127,101983.99
10850,Facebook,Retail,8.0,1454.0,3.26,9.0,4,9,66.82,38,85369.0,4,110,105687.54
10851,Facebook,Manufacturing,16.0,1149.0,2.31,3.0,4,9,42.47,36,59143.0,9,107,88874.7
10852,Facebook,Manufacturing,27.0,1441.0,10.19,10.0,5,11,92.82,22,49240.0,14,105,135339.78
10853,Email,Retail,22.0,988.0,5.18,8.0,9,7,44.33,56,35015.0,1,71,85506.73
10854,LinkedIn,Finance,5.0,878.0,5.83,12.0,6,2,55.98,40,107164.0,2,175,68811.73
10855,LinkedIn,Finance,27.0,838.0,17.68,11.0,9,14,63.5,36,88023.0,15,84,119582.02
10856,Facebook,Retail,25.0,1008.0,2.7,10.0,6,0,28.02,23,76500.0,5,3,81009.41
10857,Website,IT,29.0,445.0,14.59,11.0,3,2,94.57,50,88925.0,9,46,124202.41
10858,Google,Retail,3.0,755.0,6.15,17.0,5,10,49.96,22,115979.0,5,164,75040.18
10859,Email,Retail,12.0,483.0,15.45,11.0,6,1,26.46,55,121355.0,7,26,71150.89
10860,Google,Finance,13.0,1344.0,14.73,15.0,4,1,50.98,46,105596.0,4,138,88256.99
10861,Website,Finance,13.0,1246.0,1.14,4.0,4,13,68.02,25,117973.0,4,162,107310.22
10862,Email,Retail,10.0,179.0,10.67,19.0,1,13,61.09,22,74631.0,6,8,90884.24
10863,Facebook,Retail,4.0,788.0,3.65,11.0,6,1,75.56,40,101190.0,9,55,104112.42
10864,LinkedIn,Retail,9.0,808.0,17.46,20.0,5,4,24.44,54,88652.0,12,91,71522.95
10865,Google,Finance,16.0,1002.0,17.56,10.0,10,12,42.76,54,76087.0,15,138,95267.01
10866,Referral,Retail,24.0,792.0,10.45,10.0,0,0,85.54,40,104789.0,13,114,102447.11
10867,Referral,Retail,23.0,1031.0,9.44,17.0,3,9,26.39,45,79909.0,14,79,94447.36
10868,Website,Education,27.0,1446.0,6.76,2.0,2,3,88.44,40,36565.0,4,101,113595.92
10869,Facebook,IT,2.0,1369.0,14.62,19.0,2,13,27.35,45,52597.0,15,86,81386.83
10870,Google,Healthcare,19.0,105.0,7.81,16.0,6,9,86.76,34,118304.0,15,45,132373.45
10871,Facebook,IT,1.0,628.0,6.09,13.0,10,4,48.86,59,90623.0,14,50,84929.2
10872,Google,Education,25.0,1323.0,9.21,0.0,9,1,68.98,32,34432.0,8,64,110538.75
10873,Website,Healthcare,29.0,254.0,2.74,16.0,3,4,32.23,25,99300.0,5,95,68455.11
10874,Website,Retail,7.0,142.0,15.19,7.0,7,9,25.29,22,148693.0,15,2,80733.86
10875,Referral,Education,17.0,280.0,1.24,4.0,10,14,37.28,36,90714.0,6,173,81880.05
10876,Facebook,Retail,3.0,1286.0,13.25,4.0,8,3,30.23,50,116837.0,11,95,79693.73
10877,Email,Finance,20.0,870.0,4.47,8.0,2,7,44.99,58,74314.0,7,62,90247.76
10878,Referral,Manufacturing,20.0,743.0,5.42,2.0,4,0,61.15,44,125944.0,12,142,96248.45
10879,Facebook,Education,21.0,1136.0,13.08,18.0,3,14,67.1,50,66965.0,4,74,115435.0
10880,Referral,Finance,30.0,154.0,19.87,8.0,9,11,83.19,57,122449.0,13,100,121825.11
10881,Email,Education,3.0,1228.0,15.78,17.0,5,4,72.5,59,109268.0,15,111,100795.13
10882,LinkedIn,Education,3.0,1122.0,5.29,15.0,10,13,68.7,31,92957.0,10,104,113504.71
10883,LinkedIn,Finance,17.0,1100.0,4.34,0.0,9,13,52.94,34,68715.0,3,15,102140.27
10884,LinkedIn,Healthcare,7.0,913.0,17.46,1.0,3,10,57.9,43,78450.0,14,14,111899.96
10885,LinkedIn,IT,27.0,1309.0,9.44,13.0,7,11,53.16,36,111062.0,11,159,115157.64
10886,Google,Retail,26.0,59.0,10.45,13.0,2,9,60.515,41,86902.0,14,157,111478.22
10887,LinkedIn,Education,14.0,791.0,17.38,0.0,10,0,38.4,24,53317.0,7,27,66814.9
10888,Email,Retail,17.0,953.0,16.51,15.0,4,9,20.46,53,144191.0,11,85,81797.89
10889,Website,Manufacturing,18.0,1290.0,19.69,14.0,0,9,72.11,34,91753.0,9,9,121646.14
10890,Website,Finance,13.0,1301.0,18.29,14.0,5,3,36.2,39,60242.0,8,20,89803.3
10891,Google,Retail,20.0,791.0,17.18,11.0,10,7,91.21,25,25929.0,0,79,101077.84
10892,LinkedIn,Finance,29.0,524.0,2.0,15.0,4,0,88.72,56,131262.0,2,177,101254.72
10893,LinkedIn,Retail,20.0,1078.0,2.98,13.0,7,10,26.14,51,148196.0,11,57,103047.2
10894,LinkedIn,IT,21.0,747.0,11.81,14.0,8,14,28.51,38,124806.0,3,144,74128.73
10895,Referral,IT,27.0,1046.0,11.1,14.0,7,1,59.61,51,123724.0,12,100,117100.01
10896,Facebook,IT,18.0,1367.0,9.7,18.0,7,0,68.74,50,38580.0,6,75,97925.01
10897,Referral,IT,4.0,635.0,8.54,7.0,2,10,41.99,41,139144.0,5,136,77290.81
10898,Facebook,IT,1.0,404.0,9.19,1.0,3,6,77.34,50,129134.0,9,67,98618.38
10899,LinkedIn,IT,18.0,668.0,11.82,1.0,10,1,67.59,24,120967.0,9,19,100555.31
10900,LinkedIn,Finance,1.0,1078.0,1.04,9.0,3,0,45.99,25,45742.0,15,105,75089.47
10901,Referral,Education,26.0,1387.0,5.95,2.0,10,14,22.03,30,42833.0,10,164,96621.23
10902,Referral,Retail,26.0,1408.0,10.85,16.0,4,11,80.01,47,121421.0,0,164,119035.54
10903,Facebook,IT,13.0,145.0,10.45,7.0,8,15,37.18,36,96347.0,15,11,93514.74
10904,Website,Finance,20.0,77.0,4.31,3.0,8,5,86.76,50,99155.0,3,51,100783.25
10905,Facebook,Finance,20.0,128.0,11.39,13.0,9,5,53.62,33,114791.0,5,126,86512.72
10906,Referral,Finance,23.0,434.0,14.57,20.0,0,9,66.17,56,86829.0,2,80,91758.83
10907,Email,Education,10.0,1267.0,9.45,9.0,7,1,89.84,41,38527.0,14,54,129759.13
10908,Referral,Retail,27.0,714.0,1.51,0.0,0,14,89.09,60,83139.0,1,17,128180.69
10909,Email,Education,11.0,932.0,9.54,3.0,1,0,49.72,35,139527.0,1,170,74966.99
10910,Google,Healthcare,9.0,532.0,6.63,0.0,6,13,36.71,40,123410.0,9,24,89872.98
10911,Referral,Finance,9.0,923.0,18.66,16.0,7,9,82.01,40,94585.0,11,145,111832.73
10912,Google,Healthcare,5.0,287.0,10.45,16.0,0,2,54.65,25,66057.0,11,48,73310.75
10913,Website,Manufacturing,26.0,873.0,13.4,6.0,2,9,35.36,52,92439.0,3,84,89022.64
10914,Facebook,IT,1.0,150.0,2.0,19.0,6,13,92.35,26,147337.0,12,7,132195.02
10915,Email,IT,17.0,839.0,9.48,14.0,8,4,35.85,50,143258.0,0,142,65320.57
10916,Facebook,Education,22.0,1007.0,11.53,12.0,7,15,22.06,46,69261.0,14,11,112070.91
10917,Google,Retail,2.0,83.0,6.66,1.0,7,5,21.62,57,95912.0,9,12,57212.08
10918,Email,Healthcare,24.0,1048.0,9.65,18.0,8,2,69.79,33,25042.0,1,110,96628.13
10919,Facebook,Retail,13.0,1384.0,4.11,12.0,9,8,72.93,49,47769.0,15,133,115376.51
10920,Referral,Education,9.0,813.0,6.78,10.0,2,10,44.88,25,92113.0,12,133,80174.77
10921,LinkedIn,IT,29.0,791.0,12.8,14.0,7,4,45.6,45,102918.0,9,128,77765.47
10922,Google,Retail,4.0,512.0,6.73,9.0,0,12,47.16,33,47449.0,14,148,81348.31
10923,Facebook,Retail,5.0,1042.0,18.1,8.0,7,1,74.41,44,63653.0,1,54,87915.03
10924,Google,IT,11.0,216.0,12.94,8.0,6,9,24.65,51,53859.0,3,55,53842.56
10925,Google,Healthcare,24.0,685.0,9.33,19.0,7,5,94.33,40,33576.0,3,79,110713.98
10926,Email,IT,19.0,291.0,1.74,0.0,0,11,37.8,28,70874.0,0,90,57859.16
10927,Email,Retail,21.0,982.0,10.49,16.0,5,7,99.97,29,102199.0,6,97,129313.58
10928,LinkedIn,Healthcare,3.0,1417.0,15.53,11.0,6,10,33.72,41,61345.0,6,127,77256.95
10929,Referral,Healthcare,12.0,520.0,6.05,9.0,10,5,81.72,40,142926.0,9,30,125034.62
10930,Google,IT,26.0,460.0,16.33,4.0,4,3,37.87,35,139446.0,10,24,85636.57
10931,Facebook,Retail,19.0,268.0,5.78,17.0,4,5,26.47,46,95780.0,9,131,58990.85
10932,Website,Education,19.0,333.0,16.65,14.0,6,7,89.99,31,149576.0,9,122,120901.6
10933,Google,Retail,13.0,327.0,2.62,5.0,10,7,88.7,57,125438.0,0,100,105382.82
10934,Google,Finance,28.0,105.0,17.46,6.0,2,12,52.29,31,94428.0,10,176,86231.51
10935,LinkedIn,Manufacturing,7.0,1386.0,10.48,16.0,5,9,76.19,47,117648.0,7,71,114698.93
10936,Referral,Education,16.0,1028.0,6.63,5.0,6,1,64.57,50,29321.0,9,150,90774.6
10937,Website,Healthcare,23.0,671.0,6.04,7.0,0,7,88.24,39,30776.0,13,14,126030.43
10938,Email,Education,7.0,856.0,9.21,11.0,1,5,45.2,54,133888.0,13,48,96769.81
10939,Email,Healthcare,26.0,312.0,19.98,20.0,3,15,61.89,58,41119.0,6,29,98982.01
10940,Facebook,Healthcare,8.0,620.0,5.19,13.0,7,1,58.83,43,55569.0,6,50,68185.98
10941,Website,Education,5.0,101.0,2.96,11.0,10,0,48.31,21,63596.0,10,138,62528.31
10942,Email,Healthcare,21.0,1316.0,12.12,9.0,9,5,91.32,23,77967.0,5,27,133509.44
10943,Facebook,Healthcare,14.0,732.0,10.28,19.0,5,12,33.27,23,58063.0,11,79,77531.03
10944,Referral,Finance,4.0,604.0,10.96,14.0,0,6,31.96,48,123717.0,3,96,54512.58
10945,Facebook,Retail,23.0,1029.0,10.45,6.0,9,13,66.15,34,47340.0,10,156,107897.79
10946,Email,Retail,10.0,921.0,6.08,8.0,4,13,72.6,50,100723.0,7,137,107560.12
10947,LinkedIn,Manufacturing,20.0,41.0,18.3,9.0,6,9,35.57,25,80430.0,1,71,60407.77
10948,LinkedIn,Manufacturing,15.0,170.0,9.28,9.0,5,4,51.26,35,137620.0,6,80,80649.29
10949,LinkedIn,Finance,18.0,46.0,3.45,15.0,8,13,95.73,58,31668.0,2,154,110613.6
10950,Email,Manufacturing,20.0,1116.0,15.1,6.0,7,9,39.73,34,105880.0,13,81,103088.32
10951,LinkedIn,Education,13.0,282.0,13.22,4.0,3,7,73.47,34,33195.0,2,87,74558.25
10952,Website,IT,29.0,494.0,7.0,2.0,10,10,79.21,28,107097.0,13,8,129460.59
10953,Referral,IT,8.0,405.0,12.81,17.0,4,12,55.85,28,148625.0,6,2,99745.31
10954,Facebook,IT,9.0,1010.0,5.18,10.0,6,11,95.0,39,127658.0,11,180,136161.98
10955,Facebook,Finance,16.0,549.0,9.45,14.0,7,8,78.93,52,82995.0,2,123,94095.2
10956,Email,Finance,19.0,119.0,18.09,20.0,4,3,56.63,51,112834.0,14,121,76995.73
10958,LinkedIn,IT,7.0,833.0,8.35,4.0,9,7,75.41,31,41076.0,4,93,106743.26
10959,Google,Education,14.0,825.0,16.6,11.0,3,12,67.38,33,40376.0,7,3,108426.39
10960,Referral,Manufacturing,28.0,791.0,19.42,3.0,3,5,90.3,47,126575.0,13,136,128318.49
10961,Website,Education,14.0,1228.0,9.62,14.0,7,1,48.55,39,80839.0,12,2,101829.94
10962,Facebook,Manufacturing,25.0,105.0,10.63,8.0,0,6,43.99,46,89723.0,3,115,68764.35
10963,Google,IT,27.0,791.0,11.87,6.0,7,12,37.11,57,68442.0,6,49,99566.66
10964,Google,IT,4.0,429.0,18.71,9.0,4,8,23.02,29,30392.0,6,101,47876.48
10965,Email,IT,26.0,999.0,17.31,12.0,10,4,23.44,48,139977.0,1,148,71561.85
10966,Facebook,Finance,15.0,1124.0,4.24,7.0,0,14,89.6,52,148682.0,13,29,145473.47
10967,Email,Manufacturing,3.0,1233.0,9.3,11.0,3,1,74.27,23,52106.0,15,145,97142.86
10968,Website,Finance,5.0,1177.0,9.82,18.0,1,3,72.84,52,104845.0,7,74,96076.18
10969,Google,Finance,1.0,1434.0,15.99,0.0,3,2,69.17,25,86829.0,9,105,94397.2
10970,Google,Retail,3.0,1346.0,12.45,15.0,7,3,87.94,28,140095.0,11,150,118159.51
10971,Referral,Education,15.0,826.0,13.43,16.0,4,9,58.42,34,25693.0,9,6,97719.97
10972,Website,Education,24.0,224.0,19.97,17.0,0,6,89.63,23,124473.0,14,62,122803.96
10973,Google,Healthcare,27.0,257.0,2.42,10.0,6,9,48.76,44,119769.0,13,31,106791.97
10974,Website,Finance,8.0,1484.0,5.24,17.0,0,7,94.14,33,84821.0,8,119,118691.51
10975,Facebook,Manufacturing,29.0,1489.0,8.75,6.0,8,0,75.89,49,99159.0,5,12,129940.84
10976,LinkedIn,Retail,4.0,490.0,7.61,17.0,2,12,40.57,28,131086.0,13,12,93263.63
10977,Google,Retail,2.0,647.0,1.41,7.0,2,7,65.13,51,137160.0,4,144,87158.68
10978,Referral,Education,29.0,1074.0,2.74,5.0,5,4,62.64,46,99710.0,0,25,107267.07
10979,Facebook,Finance,24.0,93.0,13.94,6.0,9,11,31.03,38,36352.0,0,150,59281.31
10980,Website,Healthcare,24.0,194.0,17.71,9.0,5,6,67.3,38,77196.0,8,91,91989.22
10981,Email,Finance,10.0,56.0,10.77,10.0,10,10,45.18,27,96066.0,13,88,95818.06
10982,Facebook,IT,4.0,1364.0,11.24,12.0,10,10,24.19,58,29992.0,3,76,69915.54
10983,Google,Finance,3.0,1041.0,5.85,8.0,5,0,95.89,36,78076.0,0,18,110285.45
10984,Website,IT,2.0,314.0,15.59,6.0,0,1,71.32,53,48354.0,10,45,74988.06
10985,LinkedIn,IT,25.0,310.0,15.28,8.0,4,0,90.15,23,28312.0,9,111,100538.83
10986,Facebook,Healthcare,17.0,867.0,12.18,12.0,5,4,74.08,58,70833.0,11,80,109230.37
10987,Google,Manufacturing,23.0,860.0,5.04,2.0,7,13,48.56,24,29318.0,2,68,92875.32
10988,Referral,Education,21.0,1217.0,2.84,2.0,0,13,61.02,56,137363.0,5,140,105037.55
10989,Email,Finance,24.0,947.0,2.22,0.0,4,5,74.06,24,124992.0,13,177,116779.53
10990,Website,IT,20.0,253.0,12.26,20.0,2,9,96.82,29,91003.0,10,161,109895.42
10991,Facebook,Finance,23.0,813.0,16.68,19.0,1,8,40.29,60,52192.0,12,18,95397.6
10992,Facebook,Manufacturing,13.0,1199.0,17.31,1.0,10,7,90.0,37,132841.0,12,54,136800.89
10993,LinkedIn,Education,5.0,791.0,9.81,2.0,7,6,93.93,37,125726.0,10,112,124296.67
10994,LinkedIn,Manufacturing,30.0,979.0,15.9,14.0,6,11,73.63,53,114199.0,7,97,125379.5
10995,Referral,Education,21.0,1083.0,18.99,5.0,9,4,94.5,40,121782.0,12,27,151994.92
10996,Email,Retail,30.0,74.0,6.23,12.0,6,13,51.83,34,144195.0,9,78,108706.44
10997,Referral,Education,9.0,500.0,8.56,20.0,4,14,96.24,42,137908.0,1,153,117903.2
10998,Google,Healthcare,25.0,63.0,18.7,0.0,8,2,76.22,47,62489.0,7,162,84604.68
10999,Google,Manufacturing,29.0,682.0,7.43,10.0,4,15,23.36,23,145059.0,13,88,96819.95
11000,Referral,IT,25.0,1480.0,18.36,18.0,1,8,92.55,44,132507.0,12,54,148337.53
11001,Email,Retail,28.0,791.0,19.64,0.0,2,12,58.76,50,65309.0,15,87,118821.59
11002,Referral,Healthcare,22.0,250.0,13.57,20.0,3,4,56.83,28,133173.0,0,5,87954.1
11003,Email,Finance,6.0,563.0,16.52,1.0,4,2,65.32,42,53273.0,15,123,81739.46
11004,Email,Manufacturing,5.0,721.0,15.24,14.0,2,15,31.95,45,72553.0,10,164,66298.27
11005,Website,IT,25.0,1420.0,14.29,13.0,6,2,57.53,30,54473.0,1,54,103463.88
11006,Email,Education,10.0,961.0,6.83,18.0,4,2,86.49,49,86410.0,7,164,102627.73
11007,LinkedIn,IT,8.0,870.0,2.08,10.0,4,13,21.24,60,149772.0,6,39,80916.72
11008,Email,Finance,7.0,1040.0,7.52,14.0,5,15,41.83,21,38679.0,4,109,79135.74
11009,Email,Retail,7.0,611.0,13.67,5.0,6,5,20.2,41,117981.0,14,132,70015.0
11010,Email,Retail,6.0,1169.0,2.95,19.0,9,0,53.26,59,70310.0,12,74,87496.51
11011,Google,Manufacturing,21.0,268.0,1.23,8.0,9,10,78.27,44,108406.0,15,65,123405.09
11012,LinkedIn,Retail,29.0,1388.0,3.65,4.0,7,3,83.9,29,85683.0,15,168,132508.26
11013,LinkedIn,Manufacturing,20.0,470.0,14.6,19.0,8,12,95.62,46,137765.0,9,37,132559.2
11014,Referral,Manufacturing,3.0,177.0,19.48,1.0,10,7,68.68,29,50992.0,1,67,75937.73
11015,Website,Manufacturing,19.0,1062.0,19.68,5.0,3,2,40.37,40,54433.0,15,111,95566.32
11016,Email,Education,22.0,1341.0,10.39,17.0,4,15,93.93,55,101574.0,8,159,134600.35
11017,Facebook,Healthcare,15.0,417.0,17.52,18.0,4,4,82.03,56,50933.0,4,125,89156.14
11018,Website,Manufacturing,4.0,1103.0,15.0,8.0,7,1,65.95,56,70020.0,7,87,81514.32
11019,Website,Manufacturing,28.0,945.0,10.52,20.0,8,14,75.65,29,54236.0,12,47,132288.21
11020,LinkedIn,Healthcare,12.0,667.0,11.88,5.0,6,1,93.95,42,83735.0,3,155,93484.51
11021,Website,IT,6.0,307.0,3.61,13.0,4,10,76.99,21,34770.0,13,179,86788.21
11022,Email,Manufacturing,19.0,1018.0,18.82,12.0,2,12,49.47,25,94285.0,8,148,96294.95
11023,Email,Education,4.0,1353.0,7.69,10.0,0,6,77.04,29,135121.0,9,13,113390.57
11024,Google,Retail,16.0,618.0,10.45,11.0,10,9,23.22,57,147747.0,6,44,83522.3
11025,Email,Retail,16.0,678.0,13.76,18.0,8,2,50.91,58,86829.0,1,152,60854.54
11026,Email,Finance,5.0,647.0,7.34,18.0,4,4,52.51,39,98391.0,2,125,62850.38
11027,LinkedIn,Finance,13.0,164.0,5.83,20.0,8,2,33.35,28,136682.0,13,119,76051.01
11028,Email,Retail,23.0,609.0,12.99,18.0,9,5,21.85,52,134633.0,1,131,62356.62
11029,Google,Retail,26.0,1200.0,1.47,12.0,3,12,30.67,33,48439.0,4,126,79494.41
11030,Facebook,Education,18.0,519.0,14.69,13.0,4,9,72.37,40,120826.0,1,138,92291.8
11031,LinkedIn,Healthcare,30.0,507.0,10.77,17.0,3,2,84.18,56,36101.0,15,49,116840.1
11032,Facebook,Finance,30.0,1212.0,12.51,11.0,1,7,99.06,57,117776.0,4,124,133416.48
11033,LinkedIn,Healthcare,5.0,413.0,13.01,3.0,0,1,47.71,50,107319.0,12,78,70475.74
11034,Referral,Education,25.0,192.0,11.01,9.0,7,2,67.95,30,144070.0,8,130,94070.09
11035,Website,Retail,16.0,470.0,12.07,16.0,3,7,94.97,51,69917.0,1,103,100895.18
11036,Referral,Manufacturing,27.0,1242.0,13.99,3.0,4,7,60.515,45,117345.0,8,105,96161.69
11037,Email,Healthcare,19.0,444.0,15.31,11.0,5,0,60.515,49,137923.0,6,120,98710.28
11038,Facebook,Retail,14.0,1392.0,14.82,12.0,7,7,80.4,44,108459.0,6,31,132219.04
11039,Email,Retail,25.0,1234.0,17.52,3.0,10,9,27.12,59,138289.0,13,68,111534.23
11040,Website,IT,30.0,317.0,4.6,9.0,7,1,88.9,41,105562.0,4,37,119322.53
11041,LinkedIn,Healthcare,16.0,216.0,8.62,2.0,6,11,85.05,29,66196.0,7,24,116836.86
11042,Website,Manufacturing,27.0,1191.0,19.01,14.0,3,6,22.67,22,48569.0,15,44,90307.17
11043,Google,Healthcare,15.0,159.0,8.54,1.0,5,5,27.29,24,144598.0,6,83,68468.06
11044,Website,Retail,22.0,223.0,3.37,16.0,3,1,23.93,28,66887.0,5,41,56122.05
11045,Google,Manufacturing,4.0,345.0,10.98,5.0,6,4,46.78,52,45893.0,1,179,54713.59
11046,Website,Education,7.0,173.0,3.08,7.0,10,6,60.74,34,112971.0,5,42,79081.66
11047,Google,IT,16.0,45.0,4.85,2.0,0,7,62.59,33,80304.0,13,108,82899.45
11048,Facebook,Retail,16.0,1355.0,19.97,17.0,4,2,41.41,41,148299.0,1,40,97418.21
11049,Email,Finance,22.0,452.0,11.29,0.0,9,0,92.93,44,127428.0,0,48,114603.18
11050,Email,Finance,21.0,274.0,6.4,15.0,9,12,49.46,38,57399.0,8,113,86872.51
11051,Referral,IT,22.0,956.0,19.9,6.0,3,6,23.64,60,142083.0,12,84,79604.71
11052,Email,Education,21.0,1160.0,19.36,2.0,10,12,44.02,46,50236.0,15,4,115453.31
11053,LinkedIn,Retail,8.0,1141.0,9.37,3.0,6,4,62.49,52,117735.0,4,108,98242.12
11054,Website,Healthcare,17.0,158.0,5.95,8.0,8,4,52.66,53,110870.0,9,60,85239.97
11055,Referral,IT,16.0,936.0,16.93,4.0,4,6,41.91,51,139679.0,9,114,90642.74
11056,LinkedIn,Education,27.0,916.0,14.6,18.0,3,0,30.51,38,123753.0,3,167,76809.83
11057,LinkedIn,Healthcare,23.0,370.0,14.05,14.0,8,7,85.53,55,74531.0,11,5,122283.77
11058,Google,Finance,10.0,33.0,17.97,7.0,4,11,99.69,32,105570.0,10,106,113057.18
11059,Email,Finance,10.0,1380.0,14.1,5.0,8,13,46.36,45,121621.0,7,6,113680.3
11060,Facebook,Healthcare,16.0,1463.0,6.39,17.0,7,15,50.53,51,34442.0,14,14,127936.96
11061,Facebook,IT,2.0,335.0,14.18,18.0,3,9,69.44,30,81437.0,4,126,78636.22
11062,Referral,Finance,30.0,937.0,6.81,14.0,10,14,77.48,54,85342.0,13,140,136412.44
11063,Facebook,Retail,9.0,636.0,15.43,6.0,10,4,51.36,23,86829.0,6,62,80916.19
11064,Website,Manufacturing,17.0,1278.0,12.78,9.0,6,7,92.39,59,60069.0,2,27,123729.86
11065,Facebook,Healthcare,11.0,1401.0,2.47,5.0,4,9,64.8,28,98246.0,14,54,114969.82
11066,Referral,Healthcare,10.0,1021.0,10.74,13.0,9,14,56.03,52,63560.0,15,90,111278.05
11067,Facebook,Finance,22.0,350.0,7.52,16.0,3,9,71.73,49,83070.0,7,12,108539.99
11068,Website,IT,25.0,588.0,7.24,8.0,4,4,96.22,42,67427.0,7,136,112175.1
11069,Google,Retail,17.0,1234.0,12.44,18.0,4,11,83.56,40,85496.0,2,74,114932.75
11070,Referral,IT,4.0,647.0,7.12,4.0,10,6,23.2,26,89557.0,8,144,57973.71
11071,Google,Education,16.0,740.0,15.76,6.0,8,9,46.58,49,97752.0,13,180,99460.78
11072,Google,Education,20.0,1439.0,2.35,10.0,8,2,57.64,37,102248.0,7,26,118763.4
11073,Google,Manufacturing,15.0,1161.0,13.55,19.0,5,1,45.16,51,95441.0,0,136,70992.95
11074,LinkedIn,Finance,25.0,560.0,16.37,6.0,3,5,76.02,54,73534.0,7,45,103905.73
11075,Email,Finance,27.0,439.0,13.78,1.0,1,4,86.1,58,129303.0,11,84,117528.84
11076,LinkedIn,Finance,21.0,1349.0,10.45,15.0,2,8,78.51,57,52930.0,10,147,120659.15
11077,Email,Manufacturing,5.0,847.0,19.06,10.0,1,9,99.15,24,121728.0,14,145,115629.05
11078,Google,Education,6.0,1224.0,6.7,7.0,4,3,41.8,22,148295.0,3,103,77749.13
11079,Referral,IT,17.0,1384.0,1.36,5.0,5,10,90.0,32,114042.0,5,124,131077.98
11080,Email,Manufacturing,1.0,522.0,9.21,5.0,10,2,81.33,55,140287.0,15,123,109502.9
11081,Website,Manufacturing,25.0,1248.0,1.63,8.0,4,8,48.97,26,32288.0,13,116,98663.14
11082,Website,IT,19.0,41.0,19.12,3.0,1,7,78.73,28,134570.0,12,157,98652.09
11083,Facebook,Finance,4.0,224.0,4.99,10.0,4,5,28.33,41,120547.0,15,14,73397.96
11084,Email,Retail,17.0,519.0,15.99,4.0,8,0,83.15,55,106122.0,9,17,111124.86
11085,Referral,IT,9.0,824.0,15.72,16.0,3,13,62.59,35,86518.0,8,13,100651.66
11086,LinkedIn,Education,24.0,910.0,5.14,19.0,9,9,43.38,27,57400.0,4,93,88759.68
11087,Google,Healthcare,2.0,211.0,12.8,6.0,1,12,72.46,35,147609.0,6,63,95645.19
11088,Facebook,Healthcare,8.0,991.0,1.91,14.0,2,11,71.33,26,26567.0,12,33,97257.04
11089,Website,Manufacturing,15.0,685.0,10.19,14.0,2,10,60.515,37,72878.0,14,29,90602.36
11090,LinkedIn,Healthcare,7.0,1369.0,1.28,13.0,8,0,22.43,24,86829.0,0,37,67378.79
11091,LinkedIn,Retail,27.0,723.0,18.5,12.0,3,11,54.69,42,26094.0,8,103,91530.63
11092,Google,Finance,6.0,59.0,19.55,10.0,0,5,65.56,52,36135.0,13,174,65844.18
11093,Email,Education,1.0,1149.0,5.22,12.0,0,12,90.13,42,104044.0,5,24,115865.4
11094,Website,Retail,15.0,1434.0,4.95,8.0,6,2,94.26,47,70113.0,10,142,122511.83
11095,Referral,Education,23.0,807.0,15.32,9.0,6,2,62.3,35,83791.0,3,133,86189.15
11096,LinkedIn,Education,26.0,473.0,5.81,3.0,1,5,80.3,42,34684.0,5,125,99700.31
11097,Google,Finance,7.0,327.0,18.01,16.0,8,12,55.14,48,117783.0,4,53,89688.69
11098,Referral,Manufacturing,29.0,837.0,11.9,13.0,8,2,79.69,58,96727.0,2,88,101402.44
11099,Email,Healthcare,30.0,874.0,7.66,17.0,4,12,36.38,29,108378.0,6,98,97430.77
11100,Website,Finance,25.0,1045.0,16.82,10.0,2,10,49.69,54,83552.0,2,114,98685.37
11101,Email,Retail,17.0,1414.0,10.37,15.0,2,9,70.74,56,33046.0,12,95,115776.33
11102,LinkedIn,Manufacturing,2.0,1427.0,18.32,0.0,2,5,21.45,29,29934.0,13,158,66208.15
11103,Referral,Retail,27.0,583.0,18.63,6.0,5,4,77.8,35,84556.0,15,120,117998.04
11104,Referral,Manufacturing,9.0,332.0,4.14,10.0,3,3,86.84,40,71806.0,14,73,107650.15
11105,Referral,Retail,29.0,450.0,1.04,8.0,7,7,51.93,28,26354.0,12,156,91623.8
11106,LinkedIn,Finance,9.0,791.0,19.69,2.0,10,1,55.84,48,129777.0,1,106,96005.12
11107,LinkedIn,Manufacturing,13.0,1290.0,18.22,13.0,10,14,88.1,39,120352.0,13,26,152127.28
11108,Email,Manufacturing,6.0,214.0,2.05,14.0,10,11,82.05,36,148092.0,3,18,103500.39
11109,Facebook,Education,6.0,497.0,16.83,1.0,4,13,43.05,31,78046.0,6,164,64424.72
11110,Email,Education,20.0,783.0,9.7,13.0,0,10,45.92,28,136098.0,4,136,80670.46
11111,Website,IT,20.0,392.0,5.92,15.0,8,6,74.31,53,90064.0,13,146,94235.5
11112,Google,Retail,21.0,1336.0,17.7,6.0,0,3,65.06,30,82184.0,8,58,104405.64
11113,Referral,Education,3.0,365.0,4.74,3.0,5,1,32.98,38,27963.0,9,160,49931.19
11114,Facebook,IT,17.0,191.0,19.0,17.0,0,14,44.79,55,52424.0,14,93,75428.19
11115,Google,Education,17.0,1213.0,4.91,4.0,2,6,92.0,23,105039.0,6,49,129845.02
11116,Facebook,Retail,12.0,1375.0,12.66,5.0,9,12,75.05,60,28042.0,11,176,116251.01
11117,Email,Manufacturing,16.0,41.0,5.24,6.0,4,0,98.88,47,120777.0,13,71,114402.1
11118,LinkedIn,Healthcare,15.0,1477.0,11.37,14.0,9,3,81.36,48,130277.0,8,65,135042.85
11119,Referral,Retail,13.0,1126.0,14.0,0.0,6,8,95.36,26,32139.0,13,33,131300.77
11120,Email,Finance,23.0,617.0,4.61,3.0,9,13,37.3,34,36226.0,8,50,96359.98
11121,Google,Education,1.0,230.0,10.9,0.0,7,3,81.72,27,86829.0,11,4,104204.37
11122,Google,Education,17.0,551.0,9.91,10.0,8,11,21.62,30,105298.0,1,119,66262.9
11123,Google,Manufacturing,3.0,534.0,2.35,17.0,5,12,73.66,35,108652.0,14,84,108305.03
11124,Google,Finance,26.0,817.0,16.55,13.0,10,2,60.515,51,147558.0,0,117,92273.87
11125,Google,Manufacturing,15.0,1092.0,7.38,10.0,8,9,47.74,49,63108.0,10,164,85317.33
11126,Facebook,Finance,4.0,89.0,11.92,9.0,7,9,88.99,37,95647.0,3,102,97201.23
11127,Email,Healthcare,4.0,607.0,10.78,16.0,8,1,88.34,49,93617.0,3,156,97080.83
11128,Referral,Education,16.0,350.0,10.75,3.0,9,15,21.78,35,54815.0,12,131,74442.5
11129,LinkedIn,Education,17.0,1488.0,3.04,14.0,3,13,68.76,46,32802.0,1,6,114935.02
11130,LinkedIn,Healthcare,19.0,1461.0,9.05,15.0,8,14,49.43,32,67230.0,2,173,90482.15
11131,Email,IT,11.0,952.0,9.59,20.0,6,2,53.25,45,147215.0,2,23,94120.46
11132,Email,Manufacturing,16.0,1439.0,14.94,12.0,4,0,86.56,25,88372.0,4,135,103340.5
11133,LinkedIn,Healthcare,3.0,598.0,16.96,8.0,4,9,44.79,24,138884.0,0,120,64252.97
11134,LinkedIn,Manufacturing,8.0,1131.0,11.35,10.0,0,7,95.44,51,86829.0,8,61,125272.27
11135,Facebook,Retail,14.0,1247.0,2.65,10.0,1,0,34.37,23,108449.0,7,100,74980.31
11136,Website,Education,16.0,1338.0,5.5,5.0,9,2,73.02,23,42465.0,7,65,116170.06
11137,Referral,Manufacturing,1.0,556.0,4.13,0.0,2,13,73.77,46,32994.0,2,134,81528.39
11138,Google,Finance,14.0,553.0,3.37,5.0,7,2,40.18,37,28531.0,1,24,66975.31
11139,Website,Manufacturing,2.0,791.0,7.95,12.0,5,12,45.98,30,34343.0,0,37,67684.44
11140,Email,Retail,29.0,1209.0,5.36,10.0,9,14,86.78,22,84066.0,11,45,150864.05
11141,LinkedIn,Education,23.0,1393.0,5.15,14.0,10,1,80.94,44,124020.0,5,179,118031.6
11142,Website,Healthcare,4.0,154.0,2.04,17.0,4,13,46.33,31,31229.0,12,100,63956.55
11143,Referral,Retail,24.0,900.0,1.34,19.0,0,4,62.72,44,119311.0,9,102,100466.04
11144,Email,Education,27.0,309.0,2.95,13.0,10,9,24.93,55,117302.0,0,173,66557.95
11145,Google,Manufacturing,29.0,946.0,4.27,14.0,8,2,36.7,43,107124.0,13,63,97650.46
11146,Google,IT,19.0,651.0,9.19,10.0,2,2,58.87,52,113704.0,10,29,95909.9
11147,Referral,IT,6.0,875.0,10.7,3.0,2,7,26.88,43,69789.0,4,101,61580.57
11148,Referral,Finance,25.0,703.0,3.67,1.0,1,3,87.47,54,69069.0,8,109,109226.31
11149,LinkedIn,Education,1.0,1181.0,9.07,6.0,3,3,77.44,39,127398.0,10,96,108307.2
11150,Google,IT,17.0,343.0,7.49,9.0,1,2,95.49,22,112402.0,8,153,95703.98
11151,Email,Healthcare,8.0,791.0,4.49,15.0,8,10,75.48,22,145428.0,12,10,120802.8
11152,Website,Education,19.0,1203.0,1.13,9.0,9,0,95.23,35,34524.0,11,35,123319.89
11153,Email,Healthcare,21.0,65.0,9.87,17.0,6,7,64.36,41,146907.0,14,55,107890.49
11154,Facebook,Healthcare,1.0,1473.0,14.03,16.0,7,14,68.02,55,149928.0,3,153,106044.95
11155,Facebook,IT,5.0,1075.0,10.45,20.0,2,0,98.16,25,113074.0,6,173,109239.04
11156,Referral,Education,27.0,235.0,3.5,12.0,5,6,71.37,47,133345.0,13,96,119993.64
11157,LinkedIn,Manufacturing,16.0,668.0,17.85,0.0,9,4,22.46,44,111762.0,10,123,70553.35
11158,Facebook,Retail,6.0,877.0,10.45,0.0,5,3,77.9,27,88103.0,6,12,103122.36
11159,Google,IT,16.0,1409.0,5.25,14.0,0,3,92.44,26,33103.0,3,4,115460.73
11160,Email,IT,13.0,469.0,17.28,0.0,5,7,83.65,53,83581.0,4,106,101570.21
11161,Email,Manufacturing,16.0,758.0,16.53,5.0,2,10,66.71,37,108938.0,10,90,106092.79
11162,Referral,Education,30.0,1149.0,9.52,12.0,10,10,73.7,50,79203.0,8,67,132173.3
11163,Website,Education,3.0,970.0,10.3,0.0,2,12,99.22,28,40090.0,6,145,118408.96
11164,Referral,Healthcare,19.0,193.0,5.14,4.0,2,13,27.25,60,40915.0,15,65,70685.38
11165,Website,Manufacturing,12.0,177.0,2.49,8.0,9,5,73.38,27,66477.0,6,82,86932.75
11166,Referral,Manufacturing,16.0,323.0,11.9,16.0,10,15,42.67,26,81987.0,9,105,92397.4
11167,Referral,Education,16.0,224.0,2.87,15.0,10,13,71.21,24,124742.0,6,84,124683.99
11168,Referral,Healthcare,11.0,692.0,9.54,7.0,9,11,68.61,21,78238.0,14,105,111419.03
11169,Website,IT,10.0,509.0,18.87,16.0,10,0,32.28,35,112047.0,8,115,58410.61
11170,Website,Finance,25.0,152.0,19.1,14.0,7,13,36.54,51,141740.0,4,28,91489.52
11171,Referral,Retail,20.0,1453.0,5.55,0.0,4,9,69.73,45,147217.0,5,16,126488.77
11172,Facebook,IT,4.0,728.0,12.86,11.0,3,7,30.26,53,40029.0,2,21,59952.21
11173,LinkedIn,Education,12.0,994.0,10.01,4.0,8,12,41.21,55,121367.0,0,77,82226.08
11174,LinkedIn,Retail,23.0,690.0,17.64,5.0,8,13,86.82,25,114067.0,10,42,130330.99
11175,LinkedIn,Finance,2.0,1157.0,6.16,0.0,0,1,46.17,25,78520.0,15,54,82311.48
11176,Website,Finance,24.0,739.0,1.07,0.0,1,5,59.04,56,95053.0,11,32,111111.48
11178,Facebook,Retail,19.0,941.0,7.64,9.0,4,0,38.17,34,46961.0,7,38,74160.77
11179,LinkedIn,Healthcare,25.0,791.0,7.0,2.0,6,5,51.17,49,51835.0,12,114,97902.08
11180,LinkedIn,IT,5.0,1034.0,16.04,16.0,0,15,68.52,28,86829.0,0,166,85677.42
11181,Referral,Manufacturing,8.0,1195.0,13.93,18.0,9,7,80.43,54,50357.0,9,110,112850.61
11182,Website,Manufacturing,7.0,346.0,6.69,10.0,4,9,92.13,60,134209.0,6,103,102426.47
11183,LinkedIn,Manufacturing,14.0,1454.0,9.7,17.0,10,12,93.24,21,26244.0,4,77,135324.07
11184,Email,Retail,24.0,710.0,2.82,1.0,2,1,82.13,49,92952.0,15,175,100275.31
11185,Facebook,Manufacturing,23.0,1363.0,18.06,8.0,9,4,38.27,56,73061.0,12,140,102834.36
11186,Email,IT,3.0,524.0,18.77,16.0,1,5,21.98,57,31490.0,5,53,49891.91
11187,Email,Healthcare,18.0,585.0,19.62,13.0,1,4,50.7,49,145856.0,15,161,92018.81
11188,Facebook,Retail,16.0,639.0,17.5,3.0,8,2,31.32,25,148855.0,7,156,76041.1
11189,Email,Healthcare,23.0,138.0,4.31,10.0,3,3,76.83,52,102219.0,3,121,87599.79
11190,LinkedIn,Retail,19.0,401.0,1.88,16.0,3,6,72.89,44,30839.0,5,3,87420.01
11191,Website,Healthcare,19.0,884.0,12.01,11.0,6,3,23.52,39,49992.0,13,154,68769.22
11192,Facebook,Finance,18.0,645.0,18.34,19.0,9,8,86.93,32,138154.0,10,54,123250.35
11193,Referral,Healthcare,20.0,797.0,4.37,17.0,9,10,39.9,21,148094.0,2,40,96298.32
11194,Email,Manufacturing,16.0,235.0,1.13,2.0,1,11,54.58,27,69938.0,6,68,75422.77
11195,Facebook,Finance,8.0,876.0,16.3,10.0,2,13,73.43,37,149015.0,1,114,107820.16
11196,Google,Healthcare,28.0,72.0,2.46,17.0,2,12,54.35,54,81249.0,11,175,88201.64
11197,Google,Retail,1.0,894.0,8.86,3.0,5,12,55.3,27,69735.0,7,130,87572.57
11198,Website,Retail,17.0,1298.0,13.9,16.0,2,9,25.25,37,128313.0,12,42,96757.88
11199,LinkedIn,Retail,12.0,1340.0,5.5,17.0,10,1,52.12,23,75734.0,6,162,95295.74
11200,Website,Education,30.0,791.0,2.6,4.0,4,15,81.19,49,72080.0,11,94,145707.4
11201,Website,IT,21.0,814.0,15.63,13.0,3,4,93.21,42,99460.0,11,149,126530.5
11202,Website,Retail,11.0,505.0,12.97,9.0,2,7,53.08,58,106457.0,7,101,76940.61
11203,Website,Finance,5.0,112.0,19.78,14.0,7,13,53.89,49,49260.0,15,172,76298.57
11204,Referral,Retail,27.0,1163.0,7.54,0.0,9,4,76.21,25,84607.0,1,124,99858.94
11205,Referral,Education,12.0,219.0,2.17,15.0,2,9,95.42,50,86852.0,2,2,106132.49
11206,Facebook,Manufacturing,17.0,829.0,14.95,10.0,5,11,41.36,43,53380.0,15,91,93489.63
11207,Google,Finance,6.0,965.0,10.91,19.0,6,7,55.21,41,109347.0,11,59,101573.04
11208,Website,Education,1.0,280.0,5.05,5.0,6,7,83.68,46,96257.0,3,98,87287.6
11209,Facebook,Manufacturing,5.0,320.0,15.85,15.0,1,8,68.78,41,66191.0,11,16,95032.73
11210,Google,Finance,25.0,1254.0,4.87,1.0,2,9,28.85,40,29930.0,8,148,80067.14
11211,Email,Healthcare,28.0,355.0,5.95,0.0,9,5,70.22,43,29353.0,11,154,94615.29
11212,LinkedIn,IT,14.0,1462.0,2.76,8.0,9,15,34.94,24,32832.0,11,16,101020.9
11213,Referral,IT,5.0,866.0,8.59,11.0,3,11,60.82,41,145063.0,15,108,108276.15
11214,Email,Education,22.0,537.0,8.96,16.0,6,3,62.33,41,74554.0,4,23,93650.43
11215,Google,Manufacturing,24.0,760.0,10.78,14.0,1,11,90.1,21,113487.0,5,42,123873.62
11216,Email,IT,27.0,101.0,14.47,18.0,2,10,57.0,35,79017.0,0,37,82423.6
11217,LinkedIn,Manufacturing,1.0,1300.0,18.22,9.0,6,2,42.36,37,82298.0,3,72,67637.39
11218,Google,Manufacturing,16.0,670.0,3.62,11.0,6,14,38.48,34,139752.0,13,134,108999.72
11219,Email,Education,18.0,969.0,2.03,13.0,9,11,89.94,39,76389.0,3,165,119992.98
11220,Referral,Education,16.0,637.0,1.35,8.0,2,15,33.68,54,98306.0,9,116,82279.16
11221,Referral,Education,9.0,595.0,3.73,12.0,0,13,54.07,26,50525.0,7,150,79616.76
11222,Facebook,IT,19.0,1397.0,13.5,2.0,2,4,34.97,26,107092.0,7,6,94536.24
11223,Email,Education,22.0,83.0,14.82,20.0,4,5,81.86,25,105630.0,9,32,115384.8
11224,Website,IT,5.0,557.0,15.94,13.0,6,2,57.95,27,98471.0,5,145,66823.68
11225,Email,Education,27.0,640.0,10.45,20.0,3,1,48.09,53,93211.0,7,38,88986.38
11226,Google,Retail,2.0,222.0,6.81,9.0,10,15,48.89,33,56280.0,8,145,78837.67
11227,Google,Manufacturing,30.0,87.0,10.18,15.0,10,6,88.18,21,149130.0,4,37,129842.05
11228,Email,Education,15.0,1490.0,2.2,6.0,0,10,64.3,33,36240.0,0,151,93415.39
11229,LinkedIn,Finance,7.0,1164.0,12.61,3.0,5,4,77.43,47,90092.0,0,177,85583.13
11230,Referral,Manufacturing,4.0,158.0,19.69,19.0,1,8,91.76,27,94541.0,1,177,75313.2
11231,Google,Manufacturing,1.0,735.0,7.86,10.0,2,14,92.14,23,87851.0,1,61,106675.67
11232,Referral,Education,13.0,881.0,15.3,15.0,3,2,46.28,45,31544.0,4,77,70657.01
11233,Google,Healthcare,20.0,1379.0,10.5,19.0,5,13,96.2,53,82981.0,6,160,137571.03
11234,Facebook,Education,22.0,37.0,3.43,3.0,5,14,21.99,60,42332.0,6,127,52449.23
11235,Website,Manufacturing,7.0,58.0,12.06,16.0,6,7,50.15,37,51836.0,14,86,77687.64
11236,Google,Finance,15.0,1165.0,6.7,12.0,4,5,91.66,34,39388.0,3,7,104699.23
11237,Referral,Manufacturing,23.0,976.0,1.65,10.0,6,3,41.97,57,138263.0,12,150,91260.84
11238,Facebook,Finance,14.0,160.0,13.06,2.0,1,11,41.85,43,26694.0,3,85,63149.53
11239,Google,IT,23.0,217.0,17.32,8.0,0,11,44.21,44,111677.0,13,6,90063.79
11240,LinkedIn,Retail,19.0,738.0,7.55,5.0,9,14,68.99,49,113202.0,13,142,115285.12
11241,Website,Manufacturing,22.0,1417.0,8.42,20.0,7,8,55.07,58,138057.0,10,144,113137.44
11242,Google,Education,29.0,1257.0,17.93,10.0,0,4,78.14,47,74294.0,14,3,131845.74
11243,Facebook,IT,24.0,241.0,16.46,15.0,1,15,91.59,58,63769.0,9,137,108924.63
11244,LinkedIn,Retail,20.0,305.0,14.58,18.0,10,14,73.94,60,64420.0,2,47,105873.12
11245,Email,Education,29.0,1126.0,5.73,4.0,9,9,36.36,43,138289.0,10,85,107419.88
11246,Facebook,Healthcare,24.0,272.0,18.29,13.0,5,15,94.61,51,127885.0,1,94,126959.89
11247,Facebook,Education,18.0,1155.0,3.93,16.0,0,5,41.16,56,62855.0,15,170,81567.59
11248,LinkedIn,Finance,10.0,1016.0,12.91,2.0,9,13,31.99,37,26460.0,2,170,66683.73
11249,Facebook,Finance,9.0,714.0,1.55,3.0,2,14,27.2,57,127191.0,7,23,82513.44
11250,LinkedIn,Healthcare,25.0,200.0,13.23,15.0,6,14,65.07,23,72646.0,14,3,114587.7
11251,Google,IT,8.0,682.0,6.27,15.0,7,12,29.1,56,66252.0,0,129,63439.9
11252,LinkedIn,Retail,26.0,217.0,9.54,20.0,3,8,31.1,25,34835.0,15,67,80295.46
11253,LinkedIn,Education,30.0,1494.0,7.56,3.0,2,6,44.0,35,138947.0,3,71,102985.29
11254,Website,Finance,29.0,1139.0,4.28,18.0,0,11,42.53,26,35910.0,6,131,88571.24
11255,LinkedIn,IT,10.0,81.0,12.82,16.0,8,4,68.34,30,107757.0,15,177,84992.96
11256,LinkedIn,Healthcare,17.0,140.0,17.76,12.0,9,1,85.34,52,116149.0,4,67,103422.99
11257,Email,Manufacturing,2.0,906.0,19.22,0.0,5,3,80.91,43,121889.0,1,55,99519.38
11258,Google,Finance,6.0,1096.0,4.65,11.0,5,1,41.0,37,129150.0,0,132,66228.27
11259,Website,Healthcare,26.0,240.0,14.63,3.0,8,2,39.62,40,33463.0,5,31,72374.26
11260,Email,Education,5.0,1253.0,13.62,10.0,0,9,97.26,35,38336.0,12,66,125174.17
11261,Referral,Retail,28.0,887.0,7.52,4.0,5,11,20.66,42,51534.0,12,101,88268.83
11262,Google,Finance,30.0,656.0,1.36,1.0,4,2,90.38,26,27369.0,15,64,123326.95
11263,Google,Finance,9.0,1079.0,14.11,16.0,10,3,35.98,24,50381.0,4,31,80121.57
11264,Referral,Education,5.0,328.0,18.96,7.0,5,5,95.78,43,137296.0,2,117,109287.37
11265,LinkedIn,Manufacturing,18.0,1130.0,13.01,5.0,10,11,47.38,39,110094.0,10,66,106584.43
11266,Email,IT,26.0,953.0,9.27,20.0,7,2,55.23,51,112905.0,10,159,104314.55
11267,Facebook,Retail,20.0,166.0,10.98,8.0,4,9,76.57,23,124186.0,14,47,112073.15
11268,Website,Finance,9.0,1073.0,4.79,12.0,1,13,67.01,48,121490.0,15,22,119879.27
11269,Facebook,Retail,17.0,469.0,15.26,10.0,1,0,45.44,23,50407.0,10,94,67675.74
11270,Referral,Finance,27.0,240.0,15.18,15.0,9,0,64.31,34,87552.0,8,83,90546.1
11271,Google,Retail,17.0,781.0,3.76,15.0,4,15,78.46,38,60939.0,2,46,107503.14
11272,Google,Healthcare,12.0,464.0,17.68,1.0,2,8,23.39,47,117303.0,15,89,72809.54
11273,Website,Finance,7.0,791.0,6.11,9.0,9,8,20.9,30,92576.0,1,119,56931.5
11274,Google,Retail,27.0,1260.0,19.66,11.0,2,4,56.65,35,113652.0,4,46,102849.38
11275,Google,IT,3.0,468.0,8.28,7.0,7,8,30.55,39,51170.0,8,1,63232.63
11276,Website,Healthcare,10.0,695.0,4.38,10.0,6,10,73.15,29,96908.0,7,96,110377.13
11277,Email,Healthcare,2.0,1095.0,7.68,9.0,0,6,37.12,24,149506.0,5,153,64893.82
11278,Email,IT,25.0,440.0,9.36,12.0,4,8,54.63,35,47369.0,2,61,82260.72
11279,Website,Retail,3.0,835.0,2.32,16.0,8,11,35.81,28,98098.0,5,105,80749.41
11280,Referral,Education,16.0,639.0,11.99,6.0,3,6,63.88,21,69544.0,4,81,91226.24
11281,Google,IT,2.0,456.0,12.36,2.0,0,8,29.28,27,30900.0,0,14,47443.72
11282,Google,Retail,28.0,1328.0,15.04,19.0,7,14,21.85,51,65733.0,4,45,90380.57
11283,Referral,IT,24.0,931.0,1.55,12.0,4,1,24.09,38,112236.0,13,77,81744.93
11284,Email,IT,10.0,971.0,11.28,18.0,1,10,96.34,32,131769.0,6,167,112909.96
11285,LinkedIn,Finance,6.0,771.0,2.01,6.0,0,10,31.38,50,25589.0,8,66,61851.57
11286,LinkedIn,Retail,22.0,1422.0,14.32,10.0,2,7,76.68,53,85044.0,11,32,127566.07
11287,LinkedIn,Education,26.0,1273.0,2.06,18.0,8,6,25.43,27,90311.0,14,96,95455.66
11288,Email,Finance,11.0,1285.0,18.32,12.0,0,15,28.65,48,82926.0,0,58,73600.08
11289,Email,IT,23.0,357.0,14.34,7.0,3,5,60.71,23,95599.0,2,104,74993.42
11290,Referral,Manufacturing,7.0,1496.0,10.64,17.0,7,4,57.19,26,110553.0,7,56,110030.7
11291,Google,IT,27.0,81.0,9.39,1.0,7,3,96.13,51,108910.0,5,134,113882.16
11292,Referral,IT,29.0,405.0,3.48,17.0,9,6,95.59,58,113435.0,12,67,139341.14
11293,Referral,Retail,15.0,292.0,6.53,17.0,10,2,82.37,35,74008.0,15,178,103208.85
11294,Email,Retail,6.0,296.0,17.51,10.0,10,7,68.17,27,91794.0,4,118,85788.91
11295,LinkedIn,Finance,20.0,388.0,18.18,0.0,7,1,56.4,50,104134.0,12,38,92598.5
11296,Facebook,Education,27.0,1370.0,1.01,13.0,9,0,48.49,47,27866.0,9,131,90276.2
11297,Google,Finance,9.0,1377.0,12.29,15.0,7,10,95.77,37,77890.0,1,112,128110.9
11298,Email,Healthcare,22.0,681.0,14.67,10.0,3,1,68.23,38,140259.0,2,133,99283.16
11299,LinkedIn,IT,20.0,1474.0,12.76,0.0,7,8,66.33,42,66504.0,11,152,114252.09
11300,Facebook,Manufacturing,12.0,75.0,2.55,6.0,8,4,38.55,46,120668.0,15,54,80912.1
11301,Facebook,IT,19.0,629.0,5.14,15.0,6,10,23.74,47,78374.0,1,34,72870.33
11302,Email,IT,20.0,749.0,5.76,13.0,1,7,95.62,60,54404.0,0,39,110845.08
11303,Website,Finance,3.0,1322.0,16.8,14.0,8,2,45.1,44,90223.0,6,112,81543.42
11304,Google,Manufacturing,15.0,630.0,9.8,10.0,10,6,55.41,28,136008.0,13,88,105088.86
11305,Facebook,Manufacturing,2.0,410.0,10.25,20.0,7,14,29.17,41,25637.0,2,48,53215.18
11306,Email,Manufacturing,30.0,147.0,18.76,10.0,4,1,86.95,49,115152.0,6,49,108130.68
11307,Email,Finance,21.0,145.0,13.1,15.0,2,7,22.21,41,128186.0,11,34,71567.82
11308,LinkedIn,IT,2.0,289.0,18.07,18.0,6,13,86.72,23,86829.0,6,100,84664.91
11309,Website,Finance,22.0,1128.0,9.67,16.0,1,6,31.22,51,78544.0,7,135,76377.09
11310,Google,Retail,3.0,334.0,3.84,5.0,2,11,90.93,47,116732.0,0,18,113532.39
11311,Referral,Retail,6.0,36.0,18.67,10.0,8,4,78.38,47,126976.0,4,70,88518.96
11312,LinkedIn,Finance,15.0,395.0,10.45,16.0,3,11,33.17,29,70097.0,9,114,70119.71
11313,Facebook,Manufacturing,27.0,552.0,4.45,8.0,3,10,65.27,53,138271.0,8,34,111565.33
11314,Facebook,IT,10.0,791.0,6.75,17.0,2,3,45.01,53,57022.0,11,51,84365.09
11315,LinkedIn,Finance,9.0,1491.0,1.97,16.0,4,0,60.515,46,57202.0,10,105,74338.83
11316,Email,Finance,1.0,1268.0,9.9,11.0,2,4,88.73,48,53704.0,6,93,105823.55
11317,Facebook,Finance,16.0,458.0,17.21,4.0,8,11,52.28,51,116411.0,0,142,81097.43
11318,Website,Healthcare,6.0,820.0,18.74,10.0,2,8,51.88,21,48641.0,7,69,77609.57
11319,Google,Retail,9.0,776.0,18.72,3.0,1,9,33.59,40,62479.0,2,89,64138.66
11320,Website,Manufacturing,27.0,396.0,3.38,10.0,4,3,50.65,32,103771.0,12,103,91545.96
11321,Facebook,Education,4.0,791.0,8.26,2.0,5,12,89.73,37,47027.0,3,136,93886.97
11322,Referral,Manufacturing,27.0,567.0,1.54,16.0,0,8,49.05,35,123463.0,3,143,88222.88
11323,Google,Education,28.0,950.0,17.25,6.0,10,11,96.13,54,67912.0,14,83,151791.29
11324,Google,Healthcare,2.0,1107.0,7.82,3.0,5,1,95.7,36,138097.0,9,11,132038.47
11325,LinkedIn,Finance,29.0,894.0,12.99,12.0,9,3,31.59,24,133227.0,13,148,87744.5
11326,LinkedIn,Healthcare,4.0,1217.0,10.45,11.0,2,8,34.18,28,117558.0,11,36,92316.61
11327,Referral,Healthcare,1.0,811.0,9.17,0.0,3,3,89.01,54,96474.0,7,82,109378.08
11328,Email,IT,19.0,363.0,6.82,20.0,5,4,60.515,45,134658.0,0,142,66230.01
11329,Google,Retail,26.0,827.0,19.28,18.0,7,10,20.35,35,86829.0,7,38,81723.62
11330,Referral,Education,25.0,377.0,19.33,20.0,8,7,41.91,48,123884.0,8,89,87174.38
11331,LinkedIn,Finance,10.0,302.0,6.5,19.0,5,15,67.81,29,57209.0,8,1,101678.57
11332,LinkedIn,Education,21.0,992.0,10.11,17.0,6,0,83.94,22,82563.0,4,104,112212.96
11333,Google,Manufacturing,15.0,749.0,19.48,10.0,4,0,30.67,37,81738.0,3,65,55228.75
11334,Website,Education,27.0,1467.0,1.09,19.0,8,8,28.84,30,62242.0,3,1,97235.48
11335,Facebook,Manufacturing,22.0,529.0,8.84,2.0,3,8,93.77,29,34941.0,8,125,107213.15
11336,LinkedIn,Retail,19.0,1146.0,2.91,16.0,9,3,80.09,51,32073.0,14,60,126589.15
11337,Email,Manufacturing,16.0,714.0,10.67,11.0,10,12,67.18,22,132966.0,7,25,121728.12
11338,Email,Education,21.0,108.0,1.47,9.0,5,15,81.53,44,62827.0,9,91,109014.38
11339,LinkedIn,Education,27.0,651.0,8.73,7.0,4,1,54.31,39,71225.0,14,138,88060.47
11340,Website,Manufacturing,24.0,1270.0,5.19,14.0,0,15,80.68,37,62096.0,9,50,142648.17
11341,Website,Healthcare,22.0,976.0,11.13,4.0,4,12,49.74,30,75546.0,11,140,100811.02
11342,Referral,Retail,4.0,387.0,19.92,3.0,4,8,39.53,48,91457.0,6,92,59062.04
11343,Email,IT,2.0,647.0,16.21,20.0,8,13,78.32,58,93309.0,15,32,117258.74
11344,Referral,Finance,30.0,536.0,17.07,19.0,0,3,53.57,48,94998.0,11,33,98763.53
11345,Email,Education,25.0,1234.0,13.07,18.0,4,5,98.51,21,111496.0,2,26,131933.4
11346,Facebook,Finance,13.0,605.0,1.79,20.0,6,11,47.96,23,55268.0,3,42,79552.62
11347,Facebook,IT,28.0,1299.0,4.93,3.0,10,0,93.74,35,110354.0,14,178,141439.15
11348,Google,Finance,1.0,273.0,18.58,14.0,5,11,94.64,30,130037.0,15,61,126174.78
11349,Referral,IT,17.0,535.0,7.96,16.0,5,8,39.35,41,135078.0,8,41,86483.93
11350,LinkedIn,Manufacturing,13.0,451.0,2.97,11.0,6,4,83.86,57,67078.0,13,130,108588.21
11351,Referral,Healthcare,4.0,1373.0,14.35,2.0,5,14,60.515,35,26865.0,12,99,96975.03
11352,LinkedIn,Education,7.0,1140.0,6.69,9.0,4,2,93.4,43,121242.0,7,98,123979.98
11353,Website,IT,17.0,246.0,6.11,14.0,9,3,56.01,34,53887.0,11,31,90690.4
11354,Referral,Finance,9.0,1331.0,19.96,9.0,4,0,79.54,35,74876.0,11,151,105496.94
11355,Website,Education,4.0,1038.0,17.3,17.0,8,13,57.36,30,121047.0,0,115,91530.02
11356,Facebook,Healthcare,19.0,1222.0,8.75,0.0,7,8,38.22,29,58479.0,15,156,90998.55
11357,Facebook,Manufacturing,1.0,359.0,19.62,2.0,9,13,35.95,59,65478.0,2,147,47705.12
11358,Google,Education,10.0,679.0,13.35,20.0,3,7,54.03,25,51401.0,13,48,88547.46
11359,Referral,IT,4.0,1494.0,15.1,11.0,3,3,80.44,45,53502.0,15,2,121013.01
11360,Website,Healthcare,9.0,420.0,1.6,0.0,9,1,68.41,46,144768.0,11,139,86731.7
11361,LinkedIn,Finance,13.0,410.0,3.31,2.0,4,13,75.09,28,136750.0,9,172,108448.23
11362,Facebook,Healthcare,14.0,1359.0,13.03,2.0,2,8,42.59,42,38394.0,1,101,75980.61
11363,Facebook,Healthcare,10.0,771.0,18.08,4.0,7,3,58.51,45,123694.0,1,128,87204.48
11364,LinkedIn,Retail,6.0,849.0,12.85,18.0,6,8,60.515,32,34262.0,12,59,65581.97
11365,Website,Healthcare,16.0,702.0,3.55,0.0,4,9,85.4,29,29487.0,12,120,115218.33
11366,Website,Healthcare,16.0,542.0,3.2,3.0,9,2,99.19,30,52341.0,7,38,108009.28
11367,Referral,Education,17.0,978.0,17.04,3.0,2,6,52.55,30,133924.0,5,153,88443.6
11368,Referral,Finance,10.0,1241.0,3.65,16.0,4,6,20.88,29,38570.0,11,107,68892.67
11369,Email,Education,18.0,959.0,10.88,13.0,2,9,33.58,46,82268.0,11,21,90372.68
11370,Email,Education,27.0,942.0,1.71,17.0,9,12,72.2,55,146435.0,11,42,140127.81
11371,Google,IT,22.0,673.0,2.53,0.0,4,3,68.97,47,54605.0,12,164,85765.13
11372,Facebook,Education,18.0,456.0,13.77,15.0,0,1,83.03,51,96602.0,5,137,90134.0
11373,Referral,Retail,3.0,531.0,14.09,2.0,5,10,40.31,39,127798.0,3,140,67598.86
11374,Website,Retail,20.0,759.0,7.49,20.0,9,8,81.09,58,51723.0,0,10,101792.6
11375,LinkedIn,IT,27.0,1313.0,5.1,8.0,3,3,75.04,26,94108.0,10,133,120256.08
11376,Website,Manufacturing,21.0,100.0,16.46,3.0,3,7,45.83,35,103206.0,6,33,75774.63
11377,Facebook,Finance,25.0,507.0,5.12,20.0,7,13,63.64,49,85098.0,7,69,112856.24
11378,Email,Finance,28.0,1231.0,11.3,4.0,1,1,31.78,25,118375.0,15,80,95795.78
11379,Website,Education,15.0,486.0,19.4,10.0,3,7,56.21,34,73707.0,1,101,72625.57
11380,Google,Education,15.0,218.0,3.81,20.0,1,15,90.5,22,74028.0,1,29,111708.47
11381,Facebook,Manufacturing,4.0,320.0,18.88,8.0,0,10,53.7,43,118937.0,15,146,90020.84
11382,Email,Education,29.0,949.0,4.47,2.0,9,15,87.17,39,81921.0,0,134,125834.8
11383,LinkedIn,Finance,27.0,321.0,11.78,5.0,2,9,67.22,44,85760.0,3,53,102920.19
11384,Email,Healthcare,9.0,785.0,8.16,10.0,7,4,35.35,40,86829.0,5,160,57062.31
11385,Google,Retail,27.0,1336.0,19.33,8.0,5,6,66.49,47,92847.0,13,124,125393.09
11386,Facebook,Healthcare,26.0,406.0,6.2,14.0,6,6,60.48,44,122547.0,4,42,98035.99
11387,LinkedIn,Healthcare,19.0,1209.0,8.59,2.0,1,11,51.89,37,68839.0,3,47,104752.19
11388,Google,Finance,24.0,537.0,19.67,0.0,5,8,29.57,45,130077.0,13,159,87602.12
11389,Email,Healthcare,28.0,1466.0,11.19,19.0,7,2,53.34,51,64673.0,3,11,108023.31
11390,Google,Manufacturing,17.0,557.0,10.55,18.0,7,9,25.82,48,28642.0,9,154,50864.62
11391,Facebook,IT,11.0,1408.0,5.9,13.0,3,3,27.9,48,31338.0,14,155,73204.23
11392,Referral,Education,25.0,588.0,14.33,16.0,5,9,53.27,42,139650.0,6,83,95283.8
11393,Google,IT,9.0,1240.0,1.27,13.0,4,3,44.43,25,76761.0,6,109,80451.96
11394,Google,Retail,10.0,1084.0,1.94,16.0,8,14,94.04,28,34622.0,1,27,128383.39
11395,Email,Education,18.0,289.0,12.39,13.0,7,15,50.06,58,73423.0,12,62,101095.25
11396,Email,Healthcare,20.0,450.0,7.49,11.0,1,12,80.63,48,67873.0,6,148,104009.97
11397,LinkedIn,Retail,13.0,333.0,19.11,15.0,6,9,62.42,32,129544.0,1,131,83024.67
11398,Email,Education,8.0,971.0,18.16,0.0,6,4,76.33,45,72565.0,3,144,84836.1
11399,Website,Manufacturing,7.0,1092.0,14.56,12.0,10,13,40.81,58,32806.0,14,103,90098.21
11400,Facebook,Manufacturing,17.0,571.0,16.54,5.0,0,5,95.35,35,25757.0,0,44,96660.03
11401,Facebook,Manufacturing,21.0,1331.0,13.68,16.0,0,15,62.41,54,117246.0,4,93,114161.25
11402,Referral,Manufacturing,23.0,1256.0,3.39,11.0,3,14,86.51,33,46470.0,0,30,130102.48
11403,Referral,Healthcare,15.0,1119.0,15.55,18.0,4,2,49.2,28,31220.0,15,168,86726.0
11404,Facebook,IT,20.0,137.0,4.99,5.0,3,12,28.02,33,133408.0,3,119,76057.72
11405,Referral,Education,15.0,297.0,7.15,6.0,6,3,73.9,56,116851.0,12,29,102122.33
11406,LinkedIn,Healthcare,1.0,251.0,16.57,0.0,2,2,20.62,26,79754.0,8,30,50610.34
11407,Email,Manufacturing,25.0,1143.0,11.19,0.0,6,1,58.02,58,118329.0,12,104,113156.58
11408,Facebook,IT,14.0,722.0,17.34,4.0,7,9,35.42,52,104852.0,11,110,84547.71
11409,Referral,Retail,5.0,284.0,5.05,5.0,5,11,70.19,41,132630.0,7,32,96526.25
11410,Facebook,Retail,11.0,282.0,12.55,15.0,5,8,98.35,27,47505.0,5,138,97261.94
11411,Website,Retail,16.0,286.0,2.59,15.0,7,15,57.15,46,53288.0,14,51,99481.56
11412,Google,Manufacturing,2.0,412.0,13.22,13.0,7,0,85.4,35,99492.0,7,136,96953.04
11413,Email,Retail,8.0,471.0,15.49,0.0,6,15,60.62,43,44109.0,4,179,82512.21
11414,Facebook,Finance,11.0,628.0,12.11,12.0,5,1,59.67,58,143056.0,6,36,96205.17
11415,Google,Education,29.0,1143.0,6.06,19.0,5,7,94.43,35,28497.0,7,55,130539.17
11416,Referral,Education,18.0,419.0,1.6,9.0,9,14,91.2,60,82326.0,6,163,114591.54
11417,Google,Manufacturing,3.0,611.0,3.27,9.0,10,6,82.86,36,34864.0,13,36,109971.69
11418,Email,Finance,30.0,1097.0,12.82,8.0,5,11,43.7,52,122046.0,3,56,105662.61
11419,Facebook,Healthcare,26.0,627.0,18.75,12.0,7,0,63.6,57,118517.0,4,36,99715.91
11420,Website,Healthcare,1.0,48.0,4.92,2.0,0,4,37.91,38,112562.0,12,89,59888.54
11421,Referral,Retail,11.0,1154.0,14.97,17.0,4,9,55.51,40,99310.0,13,62,103039.72
11422,Facebook,IT,16.0,636.0,17.46,19.0,2,5,58.74,22,144454.0,9,109,95882.02
11423,Email,Healthcare,18.0,1410.0,10.9,1.0,7,4,86.53,43,137343.0,5,87,128373.56
11424,Referral,IT,30.0,62.0,13.72,16.0,10,3,91.68,50,46017.0,13,153,107758.27
11425,LinkedIn,Education,16.0,1282.0,16.49,18.0,5,13,53.17,23,26821.0,13,64,111076.34
11426,Google,IT,23.0,891.0,5.95,12.0,1,12,21.42,59,75337.0,11,57,90840.76
11427,Email,Education,10.0,184.0,6.64,12.0,6,0,88.94,21,70485.0,15,113,105639.51
11428,LinkedIn,Finance,18.0,1476.0,1.01,0.0,6,15,33.94,42,108557.0,10,70,107081.07
11429,Facebook,Finance,16.0,934.0,19.3,1.0,4,6,69.75,49,81388.0,5,180,89093.35
11430,Website,Manufacturing,19.0,1299.0,18.43,0.0,7,8,22.0,34,35372.0,12,20,92071.88
11431,Referral,Manufacturing,4.0,434.0,15.53,4.0,4,5,51.96,48,131684.0,8,54,82502.35
11432,Google,Retail,27.0,873.0,2.5,2.0,0,15,98.88,41,125050.0,9,1,149598.02
11433,Referral,Healthcare,13.0,1214.0,9.5,6.0,8,15,28.06,52,118938.0,13,90,102863.48
11434,Facebook,Retail,24.0,776.0,2.94,12.0,3,15,53.9,26,96333.0,13,138,118924.56
11435,Referral,Education,14.0,1170.0,1.3,17.0,1,2,44.57,21,41283.0,1,151,64690.89
11436,Google,Retail,3.0,300.0,12.71,20.0,3,14,92.41,41,65857.0,5,179,89016.45
11437,Facebook,IT,10.0,799.0,19.26,6.0,8,9,89.55,24,76772.0,12,113,115531.32
11438,Referral,Education,6.0,201.0,18.15,0.0,1,13,39.02,23,135441.0,2,152,60754.56
11439,Website,Manufacturing,1.0,303.0,14.24,4.0,3,3,26.5,50,84670.0,13,13,54763.42
11440,Email,Finance,23.0,288.0,2.84,16.0,1,9,70.17,51,98133.0,1,157,84872.63
11441,Facebook,Manufacturing,24.0,1188.0,6.21,7.0,4,4,46.91,54,120856.0,5,110,104537.17
11442,Email,Healthcare,27.0,451.0,7.08,14.0,2,14,73.77,39,56261.0,3,91,100276.87
11443,Facebook,Education,14.0,1474.0,15.5,19.0,9,11,22.57,40,82154.0,4,95,78796.7
11444,Website,Education,8.0,1239.0,16.24,3.0,1,11,30.67,43,31107.0,4,43,71129.74
11445,Email,IT,19.0,393.0,8.32,1.0,8,0,74.91,60,116296.0,2,138,88908.75
11446,LinkedIn,Healthcare,14.0,407.0,8.94,4.0,4,4,36.99,45,60561.0,15,159,63416.6
11447,Google,Finance,10.0,609.0,1.85,0.0,9,0,88.61,35,101674.0,11,74,106497.24
11448,LinkedIn,Education,17.0,920.0,6.49,4.0,4,8,24.69,58,60268.0,3,14,78108.29
11449,Referral,Education,9.0,751.0,9.57,5.0,0,15,37.24,43,56608.0,2,99,70462.4
11450,Website,IT,29.0,1249.0,3.22,1.0,5,6,99.88,22,38138.0,6,109,128232.23
11451,LinkedIn,Retail,6.0,910.0,9.61,0.0,6,2,54.65,35,131665.0,14,162,85575.48
11452,Facebook,Finance,11.0,1151.0,17.21,3.0,0,8,60.515,55,62693.0,15,145,106630.67
11453,Referral,Manufacturing,25.0,634.0,12.05,6.0,8,1,34.61,30,108000.0,0,149,60711.84
11454,Referral,Healthcare,7.0,51.0,2.5,0.0,7,11,68.79,34,149143.0,15,96,102630.49
11455,LinkedIn,Education,17.0,1225.0,4.64,0.0,7,6,78.09,47,46248.0,14,58,132673.85
11456,LinkedIn,Education,28.0,412.0,10.02,7.0,6,8,45.16,34,127757.0,15,136,99953.69
11457,Website,Manufacturing,28.0,163.0,7.87,19.0,4,5,86.31,55,43632.0,5,96,96425.77
11458,Google,Finance,1.0,1479.0,7.82,15.0,2,9,68.27,53,72547.0,3,38,104084.55
11459,LinkedIn,Retail,22.0,1078.0,11.06,20.0,8,4,51.13,21,37100.0,15,154,92041.81
11460,LinkedIn,Education,5.0,532.0,10.45,12.0,6,11,64.61,54,72930.0,0,64,82359.29
11461,Email,Finance,9.0,1238.0,16.14,17.0,10,6,66.14,39,91861.0,0,158,85071.55
11462,Facebook,Manufacturing,18.0,1138.0,7.48,19.0,9,13,33.24,44,101905.0,4,9,104893.91
11463,Email,IT,16.0,173.0,16.3,9.0,9,14,52.22,24,78025.0,13,121,98143.22
11464,Email,Retail,27.0,1465.0,7.43,11.0,7,14,47.47,56,100876.0,4,32,114509.68
11465,Referral,Healthcare,21.0,253.0,2.05,0.0,5,5,52.07,33,103944.0,9,11,94968.99
11466,Google,Education,2.0,249.0,11.53,9.0,10,4,80.89,52,75840.0,6,162,79431.05
11467,Facebook,Finance,29.0,208.0,12.17,8.0,4,13,58.6,29,44369.0,12,105,93397.07
11468,Website,IT,26.0,462.0,18.76,2.0,7,1,95.23,59,43460.0,11,146,109306.48
11469,Website,Healthcare,11.0,294.0,14.8,18.0,2,7,60.515,36,116641.0,3,147,57833.09
11470,LinkedIn,Finance,27.0,983.0,18.44,8.0,6,14,53.26,23,121920.0,13,82,119055.88
11471,LinkedIn,Finance,28.0,458.0,18.26,9.0,1,12,82.96,40,26461.0,8,37,112539.61
11472,Website,Healthcare,6.0,445.0,12.49,18.0,2,6,63.68,30,67362.0,3,82,74524.0
11473,LinkedIn,IT,26.0,756.0,11.03,15.0,1,5,63.76,42,123376.0,6,12,101624.26
11474,Google,Manufacturing,8.0,226.0,11.59,17.0,4,4,24.27,23,53610.0,4,4,49070.72
11475,Email,IT,4.0,1106.0,19.59,13.0,6,4,51.89,31,129334.0,14,43,105124.08
11476,LinkedIn,Retail,18.0,509.0,15.69,2.0,10,8,41.66,45,45995.0,15,155,87306.86
11477,Referral,Education,28.0,1496.0,3.02,1.0,9,0,99.95,28,109716.0,4,51,139840.05
11478,LinkedIn,Healthcare,11.0,1383.0,15.79,0.0,10,15,44.67,29,32717.0,5,5,102489.26
11479,Facebook,Manufacturing,5.0,1304.0,4.24,17.0,10,8,90.76,35,103867.0,7,134,122082.85
11480,Google,Healthcare,15.0,919.0,9.5,8.0,10,5,74.1,52,104472.0,14,87,113776.01
11481,Facebook,Healthcare,28.0,954.0,5.0,12.0,9,3,47.27,23,89022.0,4,106,89432.93
11482,Facebook,IT,18.0,152.0,14.1,1.0,0,9,63.48,24,78668.0,14,56,99115.19
11483,Referral,Education,2.0,1440.0,17.67,6.0,9,13,87.24,50,76645.0,2,110,122139.92
11484,Google,Retail,22.0,1392.0,6.52,15.0,8,6,90.67,33,54550.0,5,68,130584.51
11485,Google,Finance,11.0,807.0,2.56,20.0,0,8,32.83,41,111151.0,13,96,67739.65
11486,Google,Finance,26.0,377.0,6.67,18.0,0,4,47.17,39,28576.0,11,44,75697.31
11487,Google,Healthcare,25.0,58.0,13.77,14.0,9,13,46.82,59,65868.0,13,143,91636.33
11488,Google,Education,16.0,1004.0,7.25,10.0,7,4,23.36,42,123039.0,1,90,75044.45
11489,Referral,Manufacturing,4.0,64.0,6.28,0.0,5,7,67.86,40,71380.0,11,42,86794.08
11490,LinkedIn,IT,22.0,1449.0,4.5,20.0,5,6,88.39,57,30728.0,11,139,124553.79
11491,Facebook,Education,7.0,652.0,10.45,6.0,8,12,50.53,51,57800.0,7,73,86043.82
11492,Google,Education,29.0,1347.0,6.24,19.0,3,12,79.2,30,35886.0,7,11,125382.95
11493,LinkedIn,IT,11.0,618.0,14.89,7.0,7,7,70.22,38,104614.0,14,155,104965.35
11494,LinkedIn,Healthcare,22.0,1402.0,2.46,9.0,3,10,50.05,59,94909.0,2,58,95574.02
11495,Facebook,Education,24.0,1200.0,13.62,4.0,1,11,60.515,40,72236.0,11,128,88340.73
11496,Referral,Finance,4.0,1120.0,5.51,8.0,10,9,76.75,38,70805.0,7,21,116002.32
11497,Website,IT,28.0,933.0,10.3,10.0,7,1,88.37,31,143286.0,8,21,134589.16
11498,Website,Manufacturing,15.0,549.0,6.44,1.0,6,8,74.87,42,57532.0,4,72,91342.01
11499,LinkedIn,Retail,1.0,151.0,14.73,18.0,3,2,21.43,38,137765.0,4,129,36090.18
11500,Email,Healthcare,23.0,369.0,18.96,13.0,8,5,37.3,54,125696.0,5,102,81424.83
11501,Email,IT,3.0,204.0,18.42,19.0,8,15,25.56,43,53688.0,6,13,65144.42
11502,Facebook,Retail,14.0,626.0,12.09,9.0,7,5,65.63,21,36063.0,2,73,80835.43
11503,Website,Retail,6.0,480.0,10.45,8.0,0,1,80.52,30,48089.0,4,6,80274.58
11504,LinkedIn,Manufacturing,18.0,586.0,16.55,9.0,6,11,28.85,21,80942.0,0,112,69308.69
11505,Referral,Education,25.0,1189.0,13.98,5.0,4,12,87.07,58,76829.0,10,17,140415.11
11506,Website,Manufacturing,1.0,1069.0,4.49,16.0,6,6,64.44,59,75553.0,9,73,90937.95
11507,LinkedIn,Education,6.0,1386.0,16.6,5.0,8,8,75.2,29,58585.0,4,12,112509.27
11508,LinkedIn,Education,6.0,1248.0,9.15,3.0,1,11,97.71,51,96739.0,3,86,117462.2
11509,Google,IT,21.0,38.0,4.59,19.0,10,9,26.69,27,84004.0,0,180,53953.69
11511,Google,Healthcare,29.0,1386.0,6.08,18.0,3,0,30.09,55,144411.0,14,70,96226.54
11512,Facebook,Education,5.0,1046.0,10.86,17.0,1,7,51.44,57,27438.0,0,108,67045.84
11513,Google,Retail,17.0,356.0,5.45,10.0,2,1,88.12,38,118095.0,12,52,112078.83
11514,Google,Finance,10.0,44.0,3.35,7.0,10,13,92.5,53,48212.0,7,37,101917.09
11515,Website,Healthcare,28.0,868.0,3.35,16.0,7,0,60.51,24,75362.0,15,117,108911.21
11516,Email,IT,21.0,255.0,12.08,10.0,8,7,67.53,43,97177.0,13,3,121877.5
11517,LinkedIn,Manufacturing,18.0,1478.0,14.96,12.0,5,1,76.65,31,41983.0,9,8,118378.12
11518,Referral,Healthcare,7.0,1461.0,7.11,0.0,9,5,86.62,29,39026.0,11,138,123043.41
11519,Google,Healthcare,3.0,142.0,1.66,12.0,1,14,29.72,50,145168.0,1,47,55824.64
11520,Referral,Healthcare,13.0,1481.0,3.42,3.0,1,5,84.81,28,75998.0,9,169,109040.32
11521,Email,Healthcare,15.0,30.0,18.38,13.0,6,4,58.5,60,149735.0,12,64,93608.79
11522,Email,Finance,20.0,295.0,10.38,10.0,7,15,56.05,25,80744.0,11,42,101032.72
11523,Google,Manufacturing,19.0,1261.0,9.62,4.0,7,7,53.91,32,82013.0,4,43,103158.0
11524,Facebook,Manufacturing,3.0,981.0,1.72,6.0,5,2,60.74,21,76039.0,12,125,91865.87
11525,Google,Manufacturing,4.0,1422.0,14.84,0.0,9,15,95.6,35,74831.0,5,137,124761.93
11526,Website,Education,5.0,335.0,11.03,11.0,7,12,60.515,45,110172.0,8,14,104896.48
11527,LinkedIn,Retail,1.0,41.0,10.45,10.0,0,9,96.25,38,59603.0,14,91,91680.54
11528,Facebook,Manufacturing,4.0,1398.0,3.09,7.0,8,14,34.42,58,102758.0,13,132,94269.52
11529,Google,Healthcare,12.0,1421.0,8.28,5.0,0,3,77.93,46,92713.0,6,2,113508.37
11530,Referral,Healthcare,28.0,966.0,16.91,1.0,2,6,84.98,60,131446.0,5,115,116876.21
11531,Facebook,Manufacturing,27.0,449.0,17.44,18.0,8,14,74.33,23,123452.0,4,1,122300.58
11532,Facebook,Manufacturing,24.0,918.0,12.45,19.0,10,15,68.55,42,141183.0,5,75,133833.61
11533,Google,Healthcare,10.0,200.0,14.82,19.0,4,6,65.19,46,38105.0,14,65,92685.29
11534,Facebook,Education,23.0,163.0,3.19,13.0,8,15,88.87,39,125048.0,13,174,128718.91
11535,Referral,IT,25.0,994.0,12.17,0.0,8,12,85.73,59,92182.0,10,125,137300.3
11536,Email,IT,21.0,1480.0,13.67,9.0,5,11,29.78,56,77147.0,3,135,82001.97
11537,Facebook,Manufacturing,29.0,1078.0,4.81,15.0,10,13,87.89,41,146331.0,0,66,134853.94
11538,Email,Finance,26.0,1243.0,17.72,3.0,0,7,53.13,46,100400.0,14,143,102938.8
11539,Referral,Manufacturing,20.0,1194.0,4.7,10.0,9,1,40.3,33,71434.0,11,72,89948.5
11540,Google,Manufacturing,24.0,687.0,6.96,15.0,6,10,89.58,56,51515.0,8,116,115830.98
11541,LinkedIn,IT,25.0,1368.0,12.79,19.0,5,11,54.56,44,114298.0,15,121,125078.38
11542,Facebook,Healthcare,13.0,1497.0,13.13,0.0,8,1,84.67,46,83001.0,10,47,127619.42
11543,LinkedIn,Manufacturing,23.0,1372.0,14.29,15.0,6,15,41.07,41,126971.0,4,90,107341.04
11544,Referral,Healthcare,14.0,1494.0,3.13,18.0,10,3,20.31,38,83397.0,7,40,82203.29
11545,Facebook,Healthcare,23.0,1145.0,17.14,20.0,3,15,59.64,35,86415.0,6,42,120644.95
11546,Email,Finance,5.0,208.0,11.12,10.0,6,12,28.02,35,41960.0,7,179,43510.0
11547,Website,Healthcare,4.0,1109.0,9.96,8.0,1,9,80.35,26,134591.0,0,35,111511.45
11548,LinkedIn,IT,14.0,1208.0,19.64,8.0,5,12,42.09,51,118143.0,8,41,94003.34
11549,Facebook,Education,10.0,140.0,15.07,16.0,5,8,55.49,48,106838.0,0,85,69637.03
11550,LinkedIn,Education,17.0,166.0,3.24,11.0,1,9,26.96,28,70778.0,2,124,56481.0
11551,Facebook,Retail,10.0,261.0,15.37,12.0,3,11,42.93,49,55941.0,7,57,72955.71
11552,Google,Manufacturing,26.0,1021.0,2.81,7.0,7,8,82.52,41,121857.0,11,38,135824.95
11553,Email,IT,7.0,497.0,1.52,15.0,7,12,32.13,37,120849.0,10,96,83427.82
11554,LinkedIn,Healthcare,16.0,761.0,8.67,17.0,7,12,71.77,44,128083.0,0,136,106004.93
11555,Website,Education,1.0,510.0,10.45,0.0,7,3,93.39,56,65955.0,13,63,110773.37
11556,Website,IT,17.0,1121.0,4.32,0.0,0,8,74.39,51,103565.0,0,87,101662.68
11557,Referral,Education,21.0,843.0,13.78,11.0,1,14,84.88,54,126276.0,5,132,124452.87
11558,Facebook,Healthcare,29.0,1302.0,4.29,5.0,3,13,28.72,22,81908.0,4,176,82041.4
11559,LinkedIn,Education,9.0,1023.0,14.77,8.0,8,2,40.06,23,89067.0,10,52,82123.71
11560,Referral,Manufacturing,6.0,352.0,10.6,4.0,2,11,91.56,50,143636.0,5,38,121858.58
11561,LinkedIn,Manufacturing,19.0,951.0,13.92,15.0,5,4,77.21,28,80696.0,2,87,100288.9
11562,Facebook,Retail,13.0,933.0,4.85,17.0,6,9,71.16,27,43429.0,9,5,101824.18
11563,Website,Retail,3.0,1485.0,15.17,16.0,7,8,73.1,32,119048.0,11,120,122616.99
11564,Google,Education,7.0,635.0,19.92,17.0,6,15,53.14,39,101676.0,9,70,103604.98
11565,Website,IT,22.0,458.0,13.65,0.0,2,5,23.56,46,141315.0,5,113,64192.92
11566,Referral,Manufacturing,9.0,1322.0,10.38,18.0,5,2,82.76,48,39847.0,1,24,93914.84
11567,Email,IT,22.0,177.0,18.54,7.0,4,9,74.3,35,72191.0,7,86,97930.44
11568,Google,IT,5.0,1171.0,1.3,10.0,9,8,57.82,34,59256.0,14,145,108338.08
11569,Referral,Education,10.0,879.0,14.87,4.0,3,5,91.98,34,53774.0,11,26,118392.4
11570,Facebook,IT,23.0,396.0,17.89,7.0,0,3,46.89,23,34127.0,5,3,76518.35
11571,Google,Manufacturing,17.0,879.0,2.17,18.0,6,15,43.55,49,143251.0,12,2,119407.77
11572,Referral,Healthcare,12.0,1119.0,9.55,17.0,7,13,89.82,26,53205.0,15,92,137811.42
11573,Facebook,Retail,23.0,842.0,4.89,17.0,1,3,83.76,43,133210.0,12,2,136544.58
11574,Website,Healthcare,16.0,1423.0,11.76,20.0,6,15,61.2,48,125106.0,3,150,117227.26
11575,Email,IT,3.0,204.0,13.34,0.0,5,7,30.46,34,106163.0,3,71,54440.33
11576,Facebook,Healthcare,30.0,617.0,6.75,14.0,4,6,37.21,34,83764.0,13,4,92163.25
11577,LinkedIn,Manufacturing,25.0,524.0,9.74,17.0,3,0,72.5,40,143279.0,10,38,112219.19
11578,Facebook,Manufacturing,22.0,1002.0,6.31,6.0,1,15,50.8,33,126824.0,6,103,103604.35
11579,Facebook,IT,9.0,1167.0,8.02,15.0,9,5,86.92,47,63664.0,13,70,127165.22
11580,Email,Education,29.0,1164.0,4.03,15.0,5,7,96.0,55,86829.0,15,52,143974.48
11581,LinkedIn,Healthcare,15.0,1492.0,17.83,14.0,4,2,84.45,22,146729.0,2,31,122695.73
11582,Referral,Education,5.0,1200.0,1.19,5.0,1,13,50.2,60,57333.0,10,154,86800.18
11583,Referral,Education,23.0,64.0,17.77,8.0,9,8,83.09,44,138548.0,2,36,108084.33
11584,Facebook,Finance,13.0,1028.0,11.86,6.0,6,9,60.515,49,61079.0,5,154,82126.85
11585,LinkedIn,IT,14.0,1362.0,7.3,13.0,5,1,33.37,23,109225.0,8,156,81342.85
11586,LinkedIn,Retail,20.0,567.0,14.74,10.0,10,13,22.67,24,49259.0,0,133,71241.7
11587,Email,Manufacturing,15.0,779.0,10.65,20.0,8,5,50.86,22,51571.0,4,115,75553.63
11588,Website,Manufacturing,16.0,1067.0,10.48,15.0,10,11,92.28,40,76119.0,0,74,127592.5
11589,Referral,IT,23.0,403.0,3.09,5.0,9,0,39.12,35,86829.0,0,18,56308.01
11590,Email,Retail,13.0,586.0,8.4,15.0,4,11,36.52,52,135210.0,2,15,82653.27
11591,Google,Manufacturing,17.0,1481.0,5.58,19.0,8,10,97.59,21,135531.0,2,97,140442.64
11592,Referral,IT,23.0,262.0,1.3,15.0,8,14,22.0,58,86829.0,3,5,79949.33
11593,Email,Manufacturing,8.0,734.0,7.84,11.0,0,1,82.86,55,63230.0,2,37,87203.04
11594,Referral,Education,21.0,592.0,2.71,16.0,4,15,45.71,27,136364.0,5,104,96548.09
11595,Website,Healthcare,2.0,968.0,5.88,4.0,8,15,23.0,33,81049.0,11,86,84557.76
11596,Google,Healthcare,5.0,916.0,2.76,12.0,6,12,93.42,21,126762.0,14,150,123670.91
11597,Website,Manufacturing,6.0,755.0,2.92,7.0,5,4,31.17,34,148273.0,3,180,51388.41
11598,Google,Finance,12.0,1493.0,4.78,4.0,5,0,64.14,49,144466.0,7,15,118465.75
11599,Facebook,Retail,18.0,1328.0,20.0,11.0,10,7,41.92,23,61498.0,0,17,88178.96
11600,Email,Retail,30.0,105.0,1.04,8.0,6,0,25.22,44,144053.0,7,51,73106.64
11601,Google,Retail,22.0,468.0,13.13,2.0,0,12,23.99,21,53820.0,10,45,81350.8
11602,Website,Education,22.0,728.0,3.68,2.0,3,8,29.24,30,65315.0,0,122,66213.52
11603,Referral,Retail,1.0,1342.0,18.49,0.0,0,9,25.71,33,120018.0,10,156,67254.14
11604,Google,Healthcare,30.0,944.0,2.78,17.0,5,10,80.84,56,57795.0,0,149,102015.31
11605,Email,Education,17.0,920.0,19.15,11.0,3,2,58.85,29,138812.0,6,170,85459.32
11606,Google,IT,30.0,721.0,12.61,8.0,0,15,47.43,34,110411.0,0,82,94646.05
11607,LinkedIn,Retail,11.0,282.0,1.02,8.0,8,11,53.47,56,64191.0,8,145,78533.3
11608,Referral,Retail,10.0,1179.0,17.99,17.0,3,1,94.32,30,79453.0,13,135,123008.72
11609,Email,IT,19.0,1230.0,10.91,17.0,5,14,92.86,60,37453.0,14,89,141568.43
11610,Email,Retail,14.0,1090.0,5.99,6.0,6,0,77.25,43,145848.0,7,101,107728.9
11611,Facebook,IT,26.0,439.0,15.58,3.0,7,8,90.77,55,75325.0,12,40,132487.3
11612,Website,Education,10.0,156.0,18.61,12.0,10,15,60.515,27,74490.0,14,168,90784.68
11613,Facebook,Healthcare,15.0,1221.0,10.19,16.0,8,14,50.49,55,99796.0,0,43,101788.64
11614,Email,IT,28.0,621.0,7.0,1.0,8,3,69.1,22,139165.0,1,73,107465.92
11615,Referral,Finance,19.0,323.0,15.99,10.0,7,11,69.89,35,74993.0,1,179,82430.59
11616,Google,IT,4.0,1396.0,13.95,2.0,9,0,58.54,29,135780.0,1,23,96821.74
11617,Google,Retail,2.0,1049.0,17.89,4.0,10,0,52.05,37,70706.0,5,95,73487.69
11618,Referral,Education,9.0,339.0,14.16,13.0,2,6,98.89,59,139981.0,3,160,107749.53
11619,Email,Manufacturing,10.0,691.0,5.63,2.0,1,15,85.69,38,67817.0,7,159,102881.05
11620,Google,Education,28.0,557.0,18.7,6.0,4,1,54.8,35,89544.0,0,17,87651.44
11621,Google,Manufacturing,11.0,569.0,2.99,17.0,0,6,78.18,38,116434.0,14,112,108388.69
11622,Google,IT,14.0,448.0,6.09,12.0,2,11,41.56,44,80710.0,9,103,91392.05
11623,Website,Healthcare,7.0,473.0,10.88,9.0,0,14,28.01,43,75799.0,13,58,71931.07
11624,Website,Finance,23.0,714.0,11.75,12.0,2,6,48.19,32,144586.0,3,86,85508.17
11625,LinkedIn,Education,15.0,869.0,1.29,15.0,3,14,52.24,43,85964.0,15,35,110250.69
11626,Facebook,Retail,22.0,265.0,15.83,8.0,6,9,21.32,41,78678.0,9,30,68308.04
11627,Referral,Manufacturing,19.0,1492.0,7.87,1.0,4,13,85.18,46,96150.0,10,179,128756.39
11628,Referral,Retail,22.0,243.0,8.72,4.0,4,8,48.74,28,122379.0,4,104,84630.82
11629,Referral,Healthcare,15.0,114.0,16.38,16.0,0,12,66.43,50,85438.0,8,165,80132.96
11630,LinkedIn,Manufacturing,30.0,823.0,8.21,3.0,7,15,25.92,54,134987.0,4,122,94025.31
11631,Website,Education,28.0,114.0,1.9,16.0,3,6,34.0,22,102223.0,12,134,76982.78
11632,Email,IT,24.0,94.0,4.35,8.0,9,15,91.18,25,86926.0,10,34,131551.3
11633,Email,Retail,8.0,692.0,19.16,19.0,4,12,68.7,51,28801.0,2,56,91934.91
11634,LinkedIn,Healthcare,11.0,656.0,2.34,10.0,1,13,96.02,53,66048.0,10,25,122972.95
11635,Email,Education,29.0,93.0,7.74,17.0,0,0,99.9,24,65144.0,3,115,88658.95
11636,Referral,Education,9.0,1396.0,10.56,20.0,8,11,49.75,26,119478.0,9,13,114467.04
11637,Facebook,Education,15.0,968.0,10.37,10.0,1,12,43.9,43,35148.0,6,63,83734.08
11638,Google,Education,1.0,948.0,1.08,12.0,5,15,88.67,39,137364.0,0,102,112440.98
11639,Website,Manufacturing,30.0,1405.0,10.52,7.0,0,7,99.89,28,107819.0,10,122,145506.73
11640,Website,Education,1.0,1211.0,8.29,0.0,0,7,70.37,59,44861.0,5,120,89629.7
11641,LinkedIn,Retail,19.0,520.0,19.47,16.0,8,3,83.61,33,125048.0,7,133,109484.47
11642,Website,Healthcare,3.0,1278.0,4.02,11.0,3,12,82.54,21,86717.0,0,11,113601.91
11643,Referral,Manufacturing,10.0,342.0,7.73,3.0,8,7,48.43,26,47480.0,7,109,77319.11
11644,Email,Education,8.0,644.0,8.97,20.0,10,3,65.94,27,43637.0,6,104,79533.4
11645,Referral,Finance,15.0,948.0,8.42,12.0,4,14,86.64,47,69621.0,0,111,109445.33
11646,LinkedIn,Finance,10.0,842.0,13.65,8.0,6,7,75.05,35,85304.0,8,172,102857.67
11647,Referral,Healthcare,1.0,969.0,5.09,6.0,0,4,21.69,54,72431.0,10,69,60257.71
11648,Email,IT,29.0,1141.0,5.2,4.0,5,3,46.94,43,124937.0,2,102,93220.81
11649,Facebook,IT,18.0,1356.0,14.86,4.0,7,5,31.56,44,113921.0,1,2,91468.1
11650,LinkedIn,Manufacturing,2.0,709.0,10.51,16.0,0,1,38.64,35,81172.0,6,168,48243.7
11652,Google,Manufacturing,13.0,711.0,4.21,5.0,2,1,22.95,24,33149.0,2,118,45247.13
11653,Facebook,IT,22.0,1188.0,4.56,18.0,0,1,37.58,57,39671.0,0,49,74743.93
11654,Google,Finance,1.0,1103.0,1.2,15.0,0,8,44.77,37,128005.0,9,75,88777.68
11655,Google,IT,2.0,1485.0,2.74,20.0,10,14,69.35,51,48119.0,12,164,119165.62
11656,Facebook,Retail,29.0,369.0,10.45,1.0,5,13,62.73,58,86829.0,2,75,91645.17
11657,LinkedIn,Education,16.0,376.0,17.95,9.0,10,9,37.46,30,124317.0,5,34,75530.83
11658,Email,Manufacturing,15.0,675.0,6.46,15.0,5,2,33.14,47,41279.0,2,58,49690.41
11659,Referral,Finance,13.0,1400.0,7.23,4.0,0,14,38.94,26,93835.0,4,111,93510.45
11660,Referral,Healthcare,16.0,678.0,3.2,14.0,2,9,60.2,26,124810.0,8,165,95537.79
11661,Email,Healthcare,17.0,274.0,8.38,12.0,6,3,41.69,35,29803.0,6,96,58728.95
11662,Google,Education,21.0,138.0,1.71,12.0,9,9,95.81,24,107897.0,1,60,113816.62
11663,Google,Finance,29.0,562.0,10.45,12.0,2,11,57.11,60,85805.0,0,140,88453.75
11664,LinkedIn,IT,29.0,1143.0,13.79,14.0,2,7,24.7,27,43201.0,6,32,77783.25
11665,Website,IT,7.0,325.0,19.82,13.0,2,3,78.34,46,53634.0,3,132,71136.69
11666,Facebook,Retail,24.0,141.0,17.77,7.0,6,10,46.31,51,39760.0,10,106,77300.61
11667,Google,Retail,26.0,1230.0,9.99,10.0,3,9,72.28,22,35826.0,6,33,112762.85
11668,Referral,IT,17.0,372.0,10.87,17.0,3,9,42.37,48,111821.0,5,43,81182.38
11669,LinkedIn,Healthcare,7.0,130.0,4.62,3.0,2,12,65.66,33,137125.0,6,112,95030.69
11670,Facebook,Manufacturing,13.0,658.0,9.78,9.0,9,6,81.77,38,70775.0,3,107,96234.0
11671,LinkedIn,Healthcare,5.0,1454.0,18.16,0.0,10,4,94.24,50,139090.0,2,9,131831.28
11672,Facebook,Retail,26.0,57.0,1.97,4.0,8,8,40.89,31,99676.0,11,179,80462.89
11673,Facebook,Education,17.0,966.0,17.41,12.0,1,3,46.79,33,31798.0,4,114,72296.75
11674,Email,IT,3.0,87.0,7.48,0.0,3,2,57.14,44,140161.0,2,125,60356.87
11675,Google,Retail,7.0,326.0,18.09,7.0,7,12,94.17,49,91103.0,13,20,128553.51
11676,LinkedIn,Retail,26.0,163.0,18.88,2.0,5,1,92.11,25,102160.0,2,167,98100.33
11677,LinkedIn,Manufacturing,17.0,1384.0,13.75,2.0,6,0,27.19,55,102751.0,3,151,67214.45
11678,Email,IT,7.0,278.0,13.62,6.0,6,10,30.55,39,98502.0,7,41,63191.98
11679,Referral,Manufacturing,21.0,1050.0,9.6,3.0,1,5,59.64,33,76410.0,1,44,87402.28
11680,Referral,IT,1.0,579.0,16.88,2.0,3,9,28.53,25,65888.0,3,125,53505.91
11681,Google,Manufacturing,17.0,931.0,19.27,14.0,9,1,47.65,34,74047.0,10,35,99870.43
11682,Google,Healthcare,30.0,1128.0,15.73,7.0,9,7,31.87,58,120289.0,15,151,103271.08
11683,Website,Education,17.0,863.0,12.82,2.0,5,5,70.88,42,134640.0,2,58,111425.37
11684,Email,Education,11.0,1221.0,12.53,6.0,2,11,95.96,29,127614.0,6,48,133637.97
11685,Referral,IT,25.0,800.0,17.14,17.0,8,11,99.74,60,70955.0,15,58,141492.43
11686,Facebook,Finance,16.0,1408.0,11.28,10.0,3,4,50.02,46,137393.0,1,101,98672.56
11687,LinkedIn,Retail,29.0,1278.0,16.27,10.0,9,12,67.92,25,26982.0,0,57,121089.2
11688,Google,Retail,3.0,175.0,10.67,16.0,1,1,88.5,49,58864.0,9,167,75838.08
11689,LinkedIn,IT,15.0,1294.0,2.19,5.0,5,6,29.4,42,146298.0,0,156,74185.97
11690,LinkedIn,Manufacturing,16.0,922.0,8.29,7.0,0,1,75.17,23,104118.0,5,64,112874.52
11691,Website,Finance,21.0,373.0,9.44,0.0,5,12,52.71,48,110490.0,2,62,95685.36
11692,Referral,Healthcare,11.0,1088.0,3.69,9.0,9,13,36.49,58,64265.0,6,83,89325.47
11693,Google,Manufacturing,26.0,731.0,2.95,18.0,0,4,52.22,34,71313.0,7,113,86335.48
11694,LinkedIn,Manufacturing,28.0,30.0,11.17,2.0,7,1,26.08,34,69350.0,4,112,58340.82
11695,Google,IT,16.0,182.0,2.62,3.0,4,10,75.63,31,40378.0,4,62,92290.88
11696,Facebook,IT,25.0,458.0,6.76,10.0,5,9,40.22,29,134168.0,11,94,99590.46
11697,Website,Retail,22.0,537.0,15.15,14.0,1,10,44.91,58,143334.0,1,85,86926.81
11699,Google,IT,9.0,520.0,14.64,8.0,8,1,89.17,21,94815.0,9,179,100742.14
11700,Google,IT,24.0,374.0,19.86,10.0,2,14,59.48,45,52924.0,15,121,99104.39
11701,Referral,Retail,24.0,250.0,14.27,18.0,5,6,65.77,36,107593.0,12,50,101205.22
11702,LinkedIn,Healthcare,1.0,752.0,6.58,12.0,9,8,65.55,35,142490.0,0,115,84733.31
11703,LinkedIn,Healthcare,29.0,1078.0,13.77,15.0,4,4,52.84,54,32312.0,9,36,99109.81
11704,Facebook,IT,25.0,557.0,14.34,3.0,3,6,35.4,37,55353.0,8,154,70686.77
11705,Website,Retail,22.0,1235.0,8.06,0.0,9,3,60.515,23,138744.0,0,33,130771.01
11706,Email,Healthcare,16.0,870.0,1.34,19.0,1,1,30.16,23,125673.0,0,123,61285.12
11707,LinkedIn,Manufacturing,9.0,1095.0,14.36,12.0,7,2,28.31,57,111450.0,0,100,65112.72
11708,Referral,Healthcare,19.0,510.0,1.41,0.0,9,1,76.81,37,41192.0,6,68,95751.67
11709,Facebook,Healthcare,12.0,959.0,10.45,4.0,6,4,36.71,58,42450.0,3,73,66804.84
11710,Facebook,Retail,19.0,901.0,4.11,4.0,10,5,44.54,21,30432.0,11,136,85806.25
11711,Email,Manufacturing,22.0,1492.0,11.75,13.0,1,14,58.02,27,82225.0,6,23,117056.07
11712,Referral,Retail,9.0,1455.0,10.57,13.0,5,14,55.95,46,121548.0,4,70,108428.93
11713,Website,IT,7.0,374.0,1.26,7.0,7,6,76.69,59,123991.0,15,55,115037.41
11714,Referral,Education,14.0,74.0,7.89,3.0,6,2,69.87,39,103711.0,11,171,79822.71
11715,Website,Healthcare,16.0,50.0,12.42,6.0,0,3,71.55,50,90604.0,15,110,97082.84
11716,Referral,Education,19.0,1123.0,17.12,19.0,4,7,77.12,34,35295.0,13,149,107669.13
11717,Referral,Retail,19.0,902.0,17.88,18.0,1,3,43.41,33,31774.0,6,150,67715.1
11718,Google,Retail,2.0,77.0,10.19,14.0,5,6,45.79,40,140107.0,9,9,81573.76
11719,Facebook,Retail,9.0,580.0,14.84,3.0,6,11,55.04,46,37190.0,13,162,85995.75
11720,Referral,Education,13.0,316.0,7.01,18.0,6,5,44.6,47,56286.0,6,154,61898.27
11721,Email,Retail,15.0,1031.0,7.5,8.0,2,6,98.8,45,101325.0,3,129,120538.72
11722,Referral,IT,3.0,1063.0,4.69,20.0,6,0,85.12,29,119450.0,1,108,101934.18
11723,LinkedIn,Retail,11.0,571.0,11.68,12.0,4,2,33.17,32,122480.0,7,133,64082.35
11724,Facebook,Finance,21.0,785.0,6.98,13.0,7,5,20.45,30,97427.0,1,169,65434.73
11725,LinkedIn,Education,14.0,303.0,2.6,13.0,7,15,23.42,26,112513.0,15,150,80136.81
11726,Facebook,Finance,30.0,985.0,14.02,9.0,6,2,60.515,54,89014.0,8,68,94108.6
11727,LinkedIn,Retail,25.0,629.0,14.45,15.0,5,15,29.14,39,120887.0,4,176,73784.39
11728,Referral,IT,8.0,410.0,7.84,4.0,1,14,62.67,26,100852.0,8,66,86594.61
11729,Referral,Healthcare,18.0,1382.0,2.46,5.0,5,13,88.64,22,80256.0,14,144,137620.18
11730,Google,Manufacturing,19.0,508.0,9.1,1.0,10,14,78.94,35,143580.0,8,53,133229.25
11731,Email,Manufacturing,16.0,44.0,9.4,12.0,8,15,37.25,37,123743.0,13,128,87654.44
11732,LinkedIn,Retail,2.0,545.0,13.7,12.0,1,15,51.94,36,83630.0,7,65,87382.59
11733,Website,IT,8.0,220.0,6.99,18.0,0,13,60.63,48,140896.0,7,64,89227.68
11734,Google,Education,22.0,1221.0,13.97,17.0,10,6,84.82,41,116190.0,3,68,128726.03
11735,LinkedIn,Finance,6.0,650.0,17.56,18.0,4,8,87.13,28,87771.0,15,62,117638.62
11736,LinkedIn,Finance,12.0,1190.0,5.51,0.0,10,2,92.78,30,76715.0,13,81,120585.09
11737,Google,Finance,15.0,183.0,19.6,7.0,5,13,60.515,30,32466.0,3,71,89228.06
11738,Referral,Education,25.0,1441.0,8.34,15.0,2,0,75.54,30,42637.0,13,114,118851.47
11739,LinkedIn,Manufacturing,8.0,1262.0,6.08,1.0,7,9,28.94,29,93745.0,1,173,72161.35
11740,Referral,IT,4.0,301.0,9.01,7.0,6,14,65.22,48,61317.0,3,52,92052.21
11741,Google,Education,15.0,172.0,2.79,5.0,1,12,39.9,44,74766.0,15,116,75466.75
11742,Referral,Finance,28.0,1122.0,3.39,15.0,6,5,54.54,39,28078.0,3,125,93024.35
11743,Facebook,Retail,20.0,276.0,8.87,10.0,0,11,70.72,53,52299.0,5,127,84576.36
11744,Website,Healthcare,25.0,1314.0,15.49,16.0,8,0,40.56,24,126794.0,2,65,93575.28
11745,LinkedIn,Education,17.0,817.0,18.11,18.0,6,0,24.17,23,28543.0,1,130,39460.11
11746,Email,Education,13.0,108.0,13.63,10.0,5,13,20.82,32,147790.0,14,177,68473.26
11747,Website,IT,18.0,652.0,3.0,7.0,1,7,21.77,38,119627.0,7,22,66384.09
11748,Referral,IT,2.0,554.0,13.77,3.0,2,8,20.67,43,76052.0,1,157,33463.62
11749,LinkedIn,Education,13.0,801.0,13.07,10.0,0,1,28.83,40,119483.0,7,163,58605.3
11750,Referral,Finance,13.0,967.0,16.31,7.0,9,8,39.16,26,47064.0,6,76,78750.89
11751,Facebook,Healthcare,22.0,1383.0,16.68,8.0,4,4,37.7,54,97287.0,2,152,82023.74
11752,Google,IT,15.0,1242.0,17.5,1.0,8,12,98.94,22,105442.0,5,94,145434.33
11753,LinkedIn,Finance,20.0,1148.0,8.87,15.0,5,7,44.48,50,145550.0,5,158,90028.3
11754,Facebook,Retail,29.0,646.0,14.26,5.0,4,6,30.19,29,108632.0,9,170,75855.38
11755,Facebook,IT,27.0,1061.0,6.1,20.0,2,6,63.65,47,39425.0,13,71,112244.3
11756,LinkedIn,Finance,10.0,96.0,19.99,20.0,4,15,88.64,54,76481.0,4,106,97859.14
11757,Referral,Finance,29.0,220.0,4.33,18.0,7,3,74.24,60,102347.0,12,50,108840.36
11758,Email,Healthcare,3.0,1419.0,1.19,7.0,1,1,43.69,44,108114.0,7,102,76288.68
11759,Facebook,Healthcare,19.0,797.0,3.83,13.0,4,4,64.93,37,97317.0,14,113,108549.0
11760,Website,Retail,3.0,791.0,15.74,15.0,5,15,77.19,49,147850.0,10,30,111268.03
11761,Facebook,Finance,22.0,1019.0,9.49,11.0,9,13,78.25,56,111826.0,15,12,141462.44
11762,Email,Manufacturing,14.0,1170.0,9.5,4.0,7,10,73.32,32,75530.0,11,177,118776.6
11763,Referral,Finance,8.0,296.0,19.15,18.0,7,10,89.66,51,106099.0,15,82,105815.67
11764,Referral,Healthcare,27.0,514.0,18.47,17.0,4,2,89.61,29,50888.0,4,46,106982.4
11765,Website,Manufacturing,23.0,1351.0,6.91,8.0,8,14,66.31,39,52491.0,15,171,130788.62
11766,Facebook,IT,30.0,1217.0,4.97,1.0,3,13,54.39,37,138101.0,6,130,123446.06
11767,Referral,IT,4.0,405.0,17.12,19.0,8,8,71.33,22,57352.0,15,97,101540.34
11768,Email,Education,27.0,682.0,18.21,11.0,10,5,85.46,60,86829.0,5,80,130873.71
11769,LinkedIn,Healthcare,28.0,1321.0,11.29,1.0,6,0,20.45,25,46676.0,10,54,75705.36
11770,Google,Education,20.0,578.0,12.96,9.0,5,2,99.36,59,90836.0,14,35,125657.27
11771,Google,Manufacturing,11.0,1127.0,5.88,0.0,3,11,34.63,36,62463.0,6,52,89726.3
11772,Google,Healthcare,26.0,102.0,16.22,3.0,1,3,57.62,37,135478.0,12,161,84860.08
11773,Facebook,Retail,11.0,337.0,13.01,11.0,7,15,89.76,47,73990.0,8,84,107160.01
11774,Website,Finance,16.0,228.0,10.57,8.0,5,8,38.0,27,111544.0,2,72,78462.14
11775,Referral,Retail,30.0,1183.0,2.14,3.0,2,10,58.14,28,88627.0,9,179,105547.75
11776,LinkedIn,Manufacturing,11.0,601.0,18.4,8.0,6,5,30.61,28,86829.0,6,26,66206.61
11777,Email,Healthcare,2.0,820.0,12.69,5.0,9,3,51.61,43,139965.0,12,61,84187.05
11778,LinkedIn,Manufacturing,30.0,1204.0,4.66,0.0,6,0,34.17,52,119870.0,9,154,76438.47
11779,Email,Finance,17.0,1259.0,12.52,9.0,5,7,49.09,38,134054.0,2,37,102163.0
11780,Facebook,IT,9.0,208.0,13.87,13.0,1,13,49.88,58,110837.0,12,158,78406.35
11781,Google,IT,28.0,226.0,10.99,17.0,7,10,99.45,32,97843.0,1,95,117468.28
11782,Facebook,Manufacturing,28.0,764.0,14.64,5.0,0,1,99.59,35,76313.0,15,11,135799.74
11783,Website,Education,2.0,118.0,12.05,17.0,0,10,29.18,48,54251.0,11,41,52775.16
11784,Website,Healthcare,29.0,828.0,19.01,19.0,5,14,78.08,58,71586.0,6,133,117265.84
11785,Email,Healthcare,24.0,1487.0,2.02,15.0,4,10,24.14,51,124693.0,3,66,90127.75
11786,Referral,IT,15.0,817.0,3.02,14.0,8,7,22.42,29,99418.0,0,141,64684.67
11787,Referral,Retail,16.0,777.0,4.3,15.0,6,5,28.43,28,78884.0,5,153,54958.15
11788,Email,Finance,25.0,1236.0,14.11,7.0,1,7,97.24,39,77620.0,10,172,124807.31
11789,Website,Retail,4.0,238.0,13.27,12.0,6,5,95.27,28,35040.0,5,142,93221.73
11790,Website,Retail,8.0,522.0,17.95,10.0,2,4,35.51,54,96677.0,5,69,58967.11
11791,Website,Manufacturing,9.0,1183.0,14.92,6.0,0,4,32.93,24,70878.0,1,59,65120.15
11792,Facebook,IT,26.0,694.0,10.66,16.0,10,13,39.24,51,30969.0,0,180,81988.76
11793,Website,IT,26.0,1066.0,19.84,17.0,7,13,61.24,58,38162.0,2,66,106968.2
11794,LinkedIn,IT,5.0,900.0,6.06,18.0,2,9,65.58,23,90435.0,11,68,110300.46
11795,Google,Manufacturing,16.0,761.0,16.83,12.0,10,9,37.73,55,143504.0,13,12,112569.0
11796,Website,Education,13.0,1159.0,9.11,14.0,7,10,80.53,39,86829.0,1,68,112770.55
11797,Email,Retail,30.0,1428.0,13.33,0.0,6,7,44.76,49,30037.0,5,171,84872.35
11798,Google,Manufacturing,7.0,727.0,14.82,15.0,1,6,93.77,30,85526.0,12,73,111880.49
11799,Facebook,Healthcare,26.0,1152.0,13.04,4.0,0,7,72.54,32,86829.0,11,6,129093.92
11800,Email,Finance,20.0,623.0,3.67,2.0,6,11,54.91,50,39693.0,5,15,96272.33
